Chart update in progress,,,,  Trading Station,  Total Signals,Legends:,,,,Cang,,,,,,Iyatequa,,,,,,Tanoch,,,,,,Yaot,,,,,,Amassari,,,,,,Kiithless,,,,,,Rare,,,,,,Epic,,,,,,Multi,,,,,,Trader,,,,,,,,,,,,,,,M,A,B,C,D,,,,,,,,,,,,,E,F,G,H,,,,,,,,,,,Red,,Orange,,,Green,,,Cyan,,Blue,,,,,,,,,,,
Thanks for your patience :),,,,,,Cang,,,,,,Tanoch,,,,,,Yaot,,,,,,Amass,,,,,,Kiithless,,,,,,Relic,,,,,,Prog,,,,,,Prog Act,,,,,,Distress,,,,,,Trader,,,,,,Mining Ops,,,,,,Other,,,,,,,,,,,,,,,,,,Max Asteroids:,78,,Epic,,95,:Max Mineable,,,,,,,,,,,Max Jovian:,108,,,,,,,,,,,,,,Max:,109,124,:Max Moons,,Starbase Weights,,,,
Update,% Verified,,,,,Scan Wave,,,,,,Scan Wave,,,,,,Scan Wave,,,,,,Scan Wave,,,,,,Scan Wave,,,,,,Scan Wave,,,,,,Scan Wave,,,,,,Scan Wave,,,,,,Scan Wave,,,,,,Scan Wave,,,,,,Scan Wave,,,,,,Scan Wave,,,,,,Asteroids,,,,,,,,,,,,,,,Belts,,Jovians,,,,,,,,,,,,,,Planets,,,,,,,,,,,,,,,Moons,,,8,8,4,,
Status,94.74%,,Lv,,,1,,2,,3,,1,,2,,3,,1,,2,,3,,1,,2,,3,,1,,2,,3,,1,,2,,3,,1,,2,,3,,1,,2,,3,,1,,2,,3,,1,,2,,3,,1,,2,,3,,1,,2,,3,,# Total,,,,,,,,,,,,,,A,B,C,# Total Mineable,,,,,,,,,,,,,#,# Total Non-Jovian,,,,,,,,,,,,,,,#,Indexer,Comments,Blt/RE,Mns/Crystals,Jvns/Gas,Total,
.,T 0,,,,,,,,,,,,,,,,,,,,,,,,,,,,,,,,,,,,,,,,,,,,,,,,,,,,,,,,,,,,,,,,,,,,,,,,,,,,,,,,,,,,,,,,,,,,,,,,,,,,,,,,,,,,,,,,,,,,,,,,,,,,,,,,,,
20231005,Hiigaran,Fer Lamaan [B],3,,10,2,"1,1",,,,,,,,,,,,,,,,,,,,,,,,,,,,,,,,,,,,,2,"2,2",,,,,,,,,,,2,"2,4",,,,,,,,,,,,,,,,,,,,,3,M2,M3,M4,,,,,,,,,,,,,,1,E,F,G,,,,,,,,,,2,3,G,,,R,T,J,,,,,,,,,0,Everpowerful,,0.38,0.00,0.25,0.63,
20231005,Hiigaran,Iniim [BR],8,,4,2,"6,9",,,,,,,,,,,,,,,,,,,,,,,,,,,,,,,,,,,,,,,,,,,,,,,,,,,,,,,,,,,,,,,,,,,,,,,2,M7,M9,,,,,,,,,,,,,,,0,,,,,,,,,,,,,1,2,T',,G',,,,,,,,,,,,2,Everpowerful,,0.25,0.25,0.00,0.50,
20231005,Hiigaran,Jonalli [TR],1,,9,1,1,1,1,,,,,,,,,,,,,,,,,,,,,,,,,,,,,,,,,,,,,,,,,,,,,1,2,1,4,,,,,,,,,,,,,,,,,,,,,5,M2,M2,M2,M3,M3,,,,,,,,,,,,0,,,,,,,,,,,,,0,4,R,,T'',T,R,,,,,,,,,,2,Everpowerful,,0.63,0.25,0.00,0.88,
20231005,Hiigaran,Lazarus [TC],1,Y,7,3,"3,3,2",1,3,,,,,,,,,,,,,,,,,,,,,,,,,,,,,,,,,,,2,"1,3",,,,,,,,,,,,,,,,,,,,,,,,,,,1,,,,,,0,,,,,,,,,,,,,,,,,0,,,,,,,,,,,,,1,4,G',T,T,T,,,,,,,,,,,1,Everpowerful,,0.00,0.13,0.00,0.13,
20231005,Hiigaran,Mitorai [BR],2,,15,2,"3,1",,,,,,,,,,,,,,,,,,,,,,,,,,,,,,,,,,,1,1,,,,,,,,,,,1,4,,,,,,,,,,,,,,,,,,,,,,,11,M1,M1,M2,M2,M2,M2,M3,M3,M3,M3,M3,,,,,,0,,,,,,,,,,,,,0,3,T,,R'',,,,,R,,,,,,,2,Everpowerful,,1.00,0.25,0.00,1.25,
20231005,Hiigaran,Nokuuna [TC],7,,12,2,"8,8",1,6,,,,,,,,,,,,,,,,,,,,,,,,,,,,,,,,,,,1,8,,,,,,,,,2,"6,6",1,9,,,,,,,,,,,,,,,,,,,,,5,M6,M7,M8,M9,M9,,,,,,,,,,,,0,,,,,,,,,,,,,0,5,R,,,T,,T,R,T',,,,,,,1,Everpowerful,,0.63,0.13,0.00,0.75,
20231005,Hiigaran,Roa Tisaad [C],8,,6,3,"7,8,9",,,,,,,,,,,,,,,,,,,,,,,,,,,,,,,,,,,,,,,,,,,,,,,,,,,,,,,,,,,,,,,,,,,,,,,1,M8,,,,,,,,,,,,,,,,2,G,E,H,H,G,E,,,,,,,3,1,G,,J',J,,,,,,,,,,,1,Everpowerful,,0.13,0.13,0.50,0.75,
20231005,Hiigaran,Saaret [LC],7,,17,3,"9,5,7",,,,,,,,,,,,,,,,,,,,,,,,,,,,,,,,,,,,,,,,,,,,,,,1,9,3,"7,7,9",,,,,,,,,,,,,,,,,,,,,9,M5,M6,M6,M7,M8,M8,M9,M9,M9,,,,,,,,1,F,E,H,,,,,,,,,,1,4,T,,T,T,,,J'',T'',,,,,,,4,Everpowerful,,1.00,0.50,0.25,1.75,
20231005,Hiigaran,Sumaar [TR],2,,2,1,2,,,,,,,,,,,,,,,,,,,,,,,,,,,,,,,,,,,,,,,,,,,,,,,,,,,,,,,,,,,,,,,,,,,,,,,1,M1,,,,,,,,,,,,,,,,0,,,,,,,,,,,,,1,1,,,G,,,,,,,,,,,,0,Everpowerful,,0.13,0.00,0.00,0.13,
20231005,Hiigaran,Toasiim [TC],1,,8,4,"2,1,3,3",,,,,,,,,,,,,,,,,,,,,,,,,,,,,,,,,,,,,,,,,,,,,,,,,,,,,,,,,,,,,,,,,,,,,,,3,M1,M2,M3,,,,,,,,,,,,,,1,H,E,H,,,,,,,,,,2,2,J''''',,R,G,,,,,,,,,,,5,Everpowerful,,0.38,0.63,0.25,1.25,
.,T 1,,,,,,,,,,,,,,,,,,,,,,,,,,,,,,,,,,,,,,,,,,,,,,,,,,,,,,,,,,,,,,,,,,,,,,,,,,,,,,,,,,,,,,,,,,,,,,,,,,,,,,,,,,,,,,,,,,,,,,,,,,,,,,,,,,
20231005,Cangacian,Kriitana [CL],7,,6,,,,,,,,,,,,,,,,,,,,,,,,,,,,,,,1,,,,,,,,,,,,,,,,,,,,,,,,,,,,,,,,,,,,,,,,,,5,B5,B5,C7,A7,A9,,,,,,,,,,,,0,,,,,,,,,,,,,1,1,G,,,,,,,,,,,,,,0,hanx0r,,0.63,0.00,0.00,0.63,
20231007,Cangacian,Ze Tavaan [RB],2,,13,,,1,4,,,,,,,,,,,,,,,,,,,,,,,,,,,1,2,,,,,,,1,3,1,3,,,,,,,3,"1R,2,4",,,1,4R,,,,,,,,,,,,,,,,,,,4,A2,B2,B2,A3,,,,,,,,,,,,,1,G,E,F,,,,,,,,,,3,6,,,T,T'''',J'',G,T'',G''',T',,,,,,12,hanx0r,,0.50,1.00,0.25,1.75,
20231005,Iyatequa,Ariitar [C],6,Y,4,1,8,,,,,,,,,,,,,,,,,,,,,,,,,,,,,,,,,,,,,,,,,,,,,,,2,"8,5",,,,,,,,,,,,,,,,,,,,,,,0,,,,,,,,,,,,,,,,,1,G,F,E,,,,,,,,,,1,0,,R,,,,,,,,,,,,,0,Everpowerful,,0.00,0.00,0.25,0.25,
20231005,Iyatequa,Devadaasi [TL],2,,14,,,,,,,,,,,,,,,,,,,,,,,,,,,,,,,2,"4,2",,,,,1,3,,,,,,,,,,,,,,,,,1,,,,,,,,,,,,2,,,,,,7,C1,B2,B2,A2,C2,B4,A4,,,,,,,,,,1,H,H,G,,,,,,,,,,1,1,,J',T,,,,,,,,,,,,1,Everpowerful,,0.88,0.13,0.25,1.25,
20231005,Iyatequa,Edowana [MR],2,Y,4,1,3,,,,,,,,,,,,,,,,,,,,,,,,,,,,,,,,,,,,,,,,,,,,,,,,,,,,,,,,,,,,,,,,,,,,,,,3,A1,B2,C3,,,,,,,,,,,,,4,0,,,,,,,,,,,,,0,0,,,,,,,,,,,,,,,0,Everpowerful,,0.38,0.00,0.00,0.38,
20231005,Iyatequa,Ekaam Nar [TR],7,,8,,,,,,,,,,,,,,,,,,,,,,,,,,,,,,,1,6,,,,,1,7,,,,,,,,,,,1,6,,,,,,,,,,,,,,,,,,,,,,,5,B7,C7,A8,A9,B9,,,,,,,,,,7,,0,,,,,,,,,,,,,2,2,,G,G,,,,,,,,,,,,0,Everpowerful,,0.63,0.00,0.00,0.63,
20231005,Iyatequa,Estraiir [BL],3,Y,7,1,,,,,,,,,,,,,,,,,,,,,,,,,,,,,,,,2,,,,2,,1,,,,,,,,,,,,1,,,,,,,,,,,,,,,,,,,,,,0,,,,,,,,,,,,,,,,,0,,,,,,,,,,,,,1,5,T,G''',T,T',T,,,,,,,,,,4,hanx0r,,0.00,0.50,0.00,0.50,
20231005,Iyatequa,Faaleas [BC],8,,10,,,,,,,,,,,,,,,,,,,,,,,,,,,,,,,1,9,,,,,1,6,,,,,,,,,,,1,6R,,,,,,,,,,,1,9R,,,,,,,,,,,5,A6,C6,B6,A9,C9,,,,,,,,,,,,1,E,E,G,,,,,,,,,,1,4,,,T,,J,R''',T,T,,,,,,,3,Everpowerful,,0.63,0.38,0.25,1.25,
20231005,Iyatequa,Inayat [BC],7,Y,6,,,,,,,,,,,,,,,,,,,,,,,,,,,,,,,1,9,1,6,,,,,1,6,,,,,,,,,1,7,1,8,,,,,,,,,,,,,,,,,,,,,0,,,,,,,,,,,,,,,,,1,G,F,F,,,,,,,,,,3,5,G,G,R,J,R,R,,,,,,,,,0,Everpowerful,,0.00,0.00,0.25,0.25,
20231005,Iyatequa,Jinvalla [BC],5,,13,1,3,,,,,,,,,,,,,,,,,,,,,,,,,,,,,2,"3,3",,,,,,,,,,,,,,,,,,,2,"5,5",,,,,,,,,,,,,,,,,,,,,8,A3,A5,B6,A6,B6,A7,C7,B7,,,,,,,,,0,,,,,,,,,,,,,2,4,,,,G,R,G,,T',,,,,,,1,Sheepy,,1.00,0.13,0.00,1.13,
20231005,Iyatequa,Jishun [C],2,Y,10,1,1,,,,,,,,,,,,,,,,,,,,,,,,,,,,,,,,,,,1,3,,,,,,,,,,,,,,,,,,,,,,,,,,,,,,,,,,,8,A1,C1,A1,A2,A3,A3,B3,A4,,,,,,,,,0,,,,,,,,,,,,,0,2,,,T,T,,,,,,,,,,,0,Everpowerful,,1.00,0.00,0.00,1.00,
20231005,Iyatequa,Liusata [C],8,,7,,,1,7,,,,,,,,,,,,,,,,,,,,,,,,,,,,,,,,,,,,,,,,,,,,,2,"6,9",1,8,,,,,,,,,,,,,,,,,,,,,3,C8,B8,B8,,,,,,,,,,,,,,0,,,,,,,,,,,,,0,3,R',,R,T,,,,,,,,,,,1,Everpowerful,,0.38,0.13,0.00,0.50,
20231005,Iyatequa,Naredra [BR],1,Y,2,,,,,,,,,,,,,,,,,,,,,,,,,,,,,,,1,3,,,,,,,,,,,,,,,,,1,3,,,,,,,,,,,,,,,,,,,,,,,0,,,,,,,,,,,,,,,,,0,,,,,,,,,,,,,1,2,G,R',,,,,,,,,,,,,1,Everpoweful,,0.00,0.13,0.00,0.13,
20231005,Iyatequa,Niirea Paas [TL],8,,6,,,,,,,,,,,,,,,,,,,,,,,,,,,,,,,1,7,,,,,,,2,"9,8",,,,,,,,,2,"6,9",1,7,,,,,,,,,,,,,,,,,,,,,0,,,,,,,,,,,,,,,,,0,,,,,,,,,,,,,0,4,R,T',,R,,T,,,,,,,,,1,Everpowerful,,0.00,0.13,0.00,0.13,
20231005,Iyatequa,Saraal [TC],8,Y,7,,,,,,,,,,,,,,,,,,,,,,,,,,,,,,,,,,,,,1,9,2,"8,9",,,,,,,,,1,9,,,,,,,,,,,,,2,"9R,9R",,,,,,,,,0,,,,,,,,,,,,,,,,,1,E,E,F,,,,,,,,,,1,6,T,R,R,R'',J,R,,R,,,,,,,2,Everpowerful,,0.00,0.25,0.25,0.50,
20231005,Iyatequa,Talessur [CL],2,,8,1,3,,,,,,,,,,,,,,,,,,,,,,,,,,,,,,,,,,,,,,,,,,,,,,,,,,,,,,,,,,,,,,,,,,,,,,,6,B2,C3,C3,C3,B4,B4,,,,,,,,1,,3,1,F,H,H,,,,,,,,,,1,0,J,,,,,,,,,,,,,,0,Everpowerful,,0.75,0.00,0.25,1.00,
20231005,Iyatequa,Tela Diim [C],6,,11,,,1,9,,,,,,,,,,,,,,,,,,,,,,,,,,,1,4,,,,,1,8,,,,,,,,,,,1,5,3,"6,6,9",,,,,,,,,,,,,,,,,,,,,0,,,,,,,,,,,,,,,,,4,E,H,E,G,F,E,G,F,G,G,F,G,4,4,J',T,J',T,J,J,T,R'',,,,,,,4,Everpowerful,,0.00,0.50,1.00,1.50,
20231005,Iyatequa,Tri Tussali [C],3,,7,1,3,,,,,,,,,,,,,,,,,,,,,,,,,,,,,1,1,,,,,,,,,,,,,,,,,,,2,"5R,3",,,,,,,,,,,,,,,,,,,,,2,B1,B2,,,,,,,,,,,,,,,1,H,E,H,,,,,,,,,,1,3,,T'',R,R''''',,J,,,,,,,,,7,Everpowerful,,0.25,0.88,0.25,1.38,
20231005,Iyatequa,Ulant Ti Saar [BL],4,,11,,,1,,,,,,,,,,,,,,,,,,,,,,,,,,,,,,1,,,,,,,,,,,,,,,,2,,1,,,,,,,,,,,,,,,,,,,,,,5,C2,C3,C4,A5,C6,,,,,,,,,,,5,1,F,F,H,,,,,,,,,,1,3,J'''',,R,R',T',,,,,,,,,,6,hanx0r,,0.63,0.75,0.25,1.63,
20231005,Iyatequa,Veraatlan [BL],7,,13,,,,,2,,,,,,,,,,,,,,,,,,,,,,,,,,1,,1,,,,1,,,,,,,,,,,,1,,1,,2,,,,,,,,,,,,,,,,,,,,4,B5,B7,A9,A9,,,,,,,,,,,,"8,8",0,,,,,,,,,,,,,1,9,T,,,R,T,T,T,G',R',T,R,,,,2,hanx0r,,0.50,0.25,0.00,0.75,
20231005,Iyatequa,Visaan Ki [TL],4,Y,9,,,1,7,,,,,,,,,,,,,,,,,,,,,,,,,,,,,1,3,,,1,6,2,"2,6",,,,,,,,,1,5,,,,,,,,,,,,,,,,,,,,,,,2,B3,A4,,,,,,,,,,,,,,"3,3",1,H,H,H,,,,,,,,,,2,4,T',,T'',R,G'',J',,,,,,,,,6,Everpowerful,,0.25,0.75,0.25,1.25,
20231006,Iyatequa,Xaleraat [CL],3,Y,28,1,5,,,,,,,,,,,,,,,,,,,,,,,,,,,,,1,3,1,6,,,1,3,2,"4,6",,,,,,,,,1,3,,,,,,,,,,,,,,,,,,,,,,,19,A1,B1,C2,C2,A2,B2,A2,B3,A3,B4,B4,B4,"C4, B4, A4, A5, B5, C5, A5",,,,2,F,F,F,F,H,G,,,,,,,4,5,,,R,G,,J,R,,,G,J,R,,,0,Sheepy,,1.00,0.00,0.50,1.50,
.,T 2,,,,,,,,,,,,,,,,,,,,,,,,,,,,,,,,,,,,,,,,,,,,,,,,,,,,,,,,,,,,,,,,,,,,,,,,,,,,,,,,,,,,,,,,,,,,,,,,,,,,,,,,,,,,,,,,,,,,,,,,,,,,,,,,,,
20231005,Cangacian,Bescava [BR],2,,1,,,,,,,,,,,,,,,,,,,,,,,,,,,,,,,,,,,,,,,,,,,,,,,,,,,,,,,,,,,,,,,,,,,1,,,,,,0,,,,,,,,,,,,,,,,,0,,,,,,,,,,,,,0,1,R,,,,,,,,,,,,,,0,hanx0r,,0.00,0.00,0.00,0.00,
20231005,Cangacian,Cancava [TR],2,,6,,,2,"4,3",,,,,,,,,,,,,,,,,,,,,,,,,,,,,,,,,,,1,1,,,,,,,,,1,2,,,,,,,,,,,1,2E,,,,,,,1,,,,0,,,,,,,,,,,,,,,,,0,,,,,,,,,,,,,1,4,T'''',G'',R',T,,,,,,,,,,,7,hanx0r,,0.00,0.88,0.00,0.88,
20231005,Cangacian,Kaluari [TL],8,,2,,,,,,,,,,,,,,,,,,,,,,,,,,,,,,,1,,,,,,,,,,,,,,,,,,,,,,,,,,,,,,,,,,,,,,,,,,1,C8,,,,,,,,,,,,,,,,0,,,,,,,,,,,,,0,1,R,,,,,,,,,,,,,,0,hanx0r,,0.13,0.00,0.00,0.13,
20231005,Cangacian,Larcava [BR],4,,4,1,3,,,,,,,,,,,,,,,,,,,,,,,,,,,,,1,2,,,,,,,,,,,,,,,,,,,1,7,,,,,1,,,,,,,,,,,,,,,,0,,,,,,,,,,,,,,,,,0,,,,,,,,,,,,,0,3,T',R,R,,,,,,,,,,,,1,hanx0r,,0.00,0.13,0.00,0.13,
20231005,Cangacian,Larinca [BL],2,,3,,,,,,,,,,,,,,,,,,,,,,,,,,,,,,,,,,,,,1,,,,,,,,,,,,1,,,,,,,,,,,,,,,,,,1,,,,,,0,,,,,,,,,,,,,,,,,0,,,,,,,,,,,,,1,3,T,T,G,,,,,,,,,,,,0,hanx0r,,0.00,0.00,0.00,0.00,
20231005,Cangacian,Lura [TR],4,,6,,,,,,,,,,,,,,,,,,,,,,,,,,,,,,,3,,,,,,,,,,,,,,,,,,,,,,,,,,,,,,,,,,,,1,,,,,,2,C2,A5,,,,,,,,,,,,,,,0,,,,,,,,,,,,,1,3,G',R,T,,,,,,,,,,,,1,hanx0r,,0.25,0.13,0.00,0.38,
20231005,Iyatequa,Bishaan Tel [C],2,Y,8,1,1,,,,,,,,,,,,,,,,,,,,,,,,,,,,,1,4,2,"5,3",,,,,,,,,,,1,4,,,,,,,,,,,,,,,,,,,,,,,,,,,3,A1,C3,B4,,,,,,,,,,,,4,,0,,,,,,,,,,,,,0,3,T''',,R,T,,,,,,,,,,,3,Everpowerful,,0.38,0.38,0.00,0.75,
20231006,Iyatequa,Keid [TL],5,,7,,,,,,,,,,,,,,,,,,,,,,,,,,,,,,,1,,,,,,1,,1,,,,,,,,,,1,R,,,,,1,,,,,,,,,,,,,,,,,,0,,,,,,,,,,,,,,,,,2,E,G,F,F,G,H,,,,,,,2,3,R',T,R,J,J,,,,,,,,,,1,Heston,,0.00,0.13,0.50,0.63,
20231006,Iyatequa,Kisho Re [TC],4,,9,1,,1,,,,,,,,,,,,,,,,,,,,,,,,,,,,,,1,,,,1,,,,1,,1,,,,,,,,,,1,,,,,,,,,,,,,,,,,,,,1,C3,,,,,,,,,,,,,,,,1,H,E,E,,,,,,,,,,3,10,,T,T,J'''',R,T,G,,T,G,,T',R''',T,8,Heston,"4th wave, Cang mining op, relic sig. 5th wave, Cang sig, Iyat distress, Prog sig",0.13,1.00,0.25,1.38,
20231005,Iyatequa,Marat Kan [TL],1,,11,1,1,,,,,,,,,,,,,,,,,,,,,,,,,,,,,,,1,2,,,,,,,,,1,2,1,3,,,,,,,,,,,,,,,,,1,2R,,,,,,,,,4,B1,C2,C2,B2,,,,,,,,,,,,1,2,F,F,H,G,G,G,,,,,,,2,3,R'',J'''',J',,R,,,R',,,,,,,8,Everpowerful,,0.50,1.00,0.50,2.00,
20231006,Iyatequa,Mituul [BC],3,,7,,,,,,,,,,,,,,,,,,,,,,,,,,,,,,,1,3,,,,,1,4,,,,,,,,,,,1,4,,,,,1,,,,,,,,,,,,2,,,,,,1,C2,,,,,,,,,,,,,,,,0,,,,,,,,,,,,,1,3,T,,G,T,,,,,,,,,,,0,Everpowerful,,0.13,0.00,0.00,0.13,
20231006,Iyatequa,Sobel Rem [TC],2,Y,15,,,,,,,,,,,,,,,,,,,,,,,,,,,,,,,2,"3,4",,,1,5,,,1,4,1,3,,,1,2,,,1,2,,,1,4,,,,,,,,,,,,,,,,,4,,3,B2,A3,A4,,,,,,,,,,,,,,0,,,,,,,,,,,,,1,9,R'',G,,T'',R,R,T',T,R,,T,,,,5,Everpowerful,Needs a revsisit. Found four waves. User error?,0.38,0.63,0.00,1.00,
20231005,Tanoch,Acatla [TL],8,,6,1,7,,,,,,,,,,,,,,,,,,,,,,,,,,,,,1,7,,,,,2,"7,9",,,,,,,,,,,,,,,,,,,,,,,,,,,,,,,,,,,0,,,,,,,,,,,,,,,,,2,G,H,F,G,F,E,,,,,,,2,1,R,J,J'',,,,,,,,,,,,2,Eclipse,,0.00,0.25,0.50,0.75,
20231005,Tanoch,Acatlahu [BR],5,,5,2,"4,4",,,,,,,,,,,,,,,,,,,,,,,,,,,,,,,1,5,,,,,,,,,,,,,,,,,,,,,,,,,,,1,6R,1,4R,,,,,,,,,0,,,,,,,,,,,,,,,,,0,,,,,,,,,,,,,0,5,T,T,T',T,T',,,,,,,,,,2,Eclipse,,0.00,0.25,0.00,0.25,
20231005,Tanoch,Cempoalc [BR],3,Y,7,,,,,,,,,,,,,,,,,,,,,,,,,,,,,,,,,,,,,,,,,,,,,,,,,1,4,,,,,,,,,,,,,,,,,,,,,,,6,B1,B3,A3,A4,C4,A5,,,,,,,,,,,0,,,,,,,,,,,,,1,1,,G,,,,,,,,,,,,,0,Eclipse,,0.75,0.00,0.00,0.75,
20231005,Tanoch,Cempoalt [C],3,,6,,,,,,,,,,,,,,,1,3,,,,,,,,,,,,,,,1,1,1,3,,,,,1,3,,,,,,,,,2,"5,5",,,,,,,,,,,,,,,,,,,,,,,0,,,,,,,,,,,,,,,,,0,,,,,,,,,,,,,1,4,T,R',,,T,G'',,,,,,,,,3,Eclipse,,0.00,0.38,0.00,0.38,
20231005,Tanoch,Chiapa [TL],2,,12,2,"1,1",,,,,,,,,,,,,,,,,,,,,,,,,,,,,,,,,,,,,,,,,,,,,,,1,4,,,,,,,,,,,,,,,,,,,,,,,8,A1,C2,A3,A3,C4,B4,B4,C4,,,,,,,,,1,G,E,E,,,,,,,,,,1,1,,,J,T,,,,,,,,,,,0,Eclipse,,1.00,0.00,0.25,1.25,
20231005,Tanoch,Chihuat [C],3,Y,16,,,,,,,,,,,,,,,,,,,,,,,,,,,,,,,2,"3,4",,,,,,,,,,,,,,,,,2,"3,3",,,,,,,,,,,,,,,,,,,,,,,10,A1,B1,B3,C3,A4,A4,A5,B5,B5,A5,,,,2,,4,2,E,F,F,G,G,E,,,,,,,4,3,,,J,G'',J,G,,T,,,,,,,2,Eclipse,,1.00,0.25,0.50,1.75,
20231006,Tanoch,Chuua [BR],7,,14,1,8,,,1,,1,6,,,,,1,9,,,,,,,,,,,,,,,,,,,1,8,,,,,,,,,,,,,,,1,,1,7R,,,,,,,,,,,,,,,,,,,1,,4,C7,A9,A9,A9,,,,,,,,,,7,,,2,G,E,H,G,G,G,,,,,,,3,7,T''',,J'',J',R,T,T,R,G,T,,,,,6,Heston,"4th wave, yaot sig, iyat distress, prog act x2",0.50,0.75,0.50,1.75,
20231006,Tanoch,Coixl [BC],1,,19,,,1,4,2,"2,3",,,,,,,,,,,,,,,,,,,,,,,,,1,2,,,,,,,1,2,1,4,,,,,,,1,2R,1,2E,,,,,,,,,,,,,,,,,,,3,,5,B1,C1,C2,B2,A3,,,,,,,,,3,,,3,H,E,E,E,F,F,F,G,G,,,,5,7,J,,J',T',J',T,R,G,T,G,T',,,,4,Everpowerful,Needs a revsisit. Found four waves. User error?,0.63,0.50,0.75,1.88,
20231006,Tanoch,Cuernava [C],7,,9,1,,,,,,,,,,,,,,,,,,,,,,,,,,,,,,,,,,,,,,,,,,,,,,,,2,,,,,,,,,,,,,,,,,,,,,,,,5,B5,A5,C7,C9,A9,,,,,,,,,,5,,1,G,F,E,,,,,,,,,,2,2,T,,,G,,,,J,,,,,,,0,Heston,,0.63,0.00,0.25,0.88,
20231007,Tanoch,Cuilco [TL],2,,14,,,,,,,,,,,,,1,4,,,,,,,,,,,,,,,,,1,4,,,,,,,2,"2,2",,,1,3,,,,,1,2,1,2,,,,,,,,,,,,,,,,,,,,,5,B1,A2,B3,B3,B4,,,,,,,,,,,,2,G,E,G,H,F,H,,,,,,,3,6,J',,R,R,R',G,,J',R',T,,,,,4,Everpowerful,,0.63,0.50,0.50,1.63,
20231007,Tanoch,Ixtlan [C],2,Y,4,,,,,,,1,4,,,,,1,3,,,,,,,,,,,,,,,,,,,,,,,,,,,,,,,,,,,,,,,,,,,,,,,1,1R,,,,,,,,,,,0,,,,,,,,,,,,,,,,,1,E,G,F,,,,,,,,,,1,1,,T,J,,,,,,,,,,,,0,Everpowerful,,0.00,0.00,0.25,0.25,
20231007,Tanoch,Malinalc [TL],3,,12,,,,,,,1,3,,,,,,,,,,,,,,,,,,,,,,,,,,,,,,,1,6,,,1,1,,,,,,,2,"5,3",,,,,,,,,,,,,,,,,,,,,7,A2,C2,C2,B3,B4,A5,A5,,,,,,,,,,0,,,,,,,,,,,,,1,5,T,G,R,,,,,,,T,T'''',,,,4,Everpowerful,,0.88,0.50,0.00,1.38,
20231008,Tanoch,Oaxtepex [TC],4,,7,,,,,,,,,,,,,,,,,,,,,,,,,,,,,,,1,5,,,,,,,,,,,,,,,,,1,3R,,,,,,,,,,,,,,,,,,,,,,,5,C2,A3,C3,B5,B6,,,,,,,,,,,,0,,,,,,,,,,,,,1,2,,T,G'',,,,,,,,,,,,2,Everpowerful,,0.63,0.25,0.00,0.88,
20231008,Tanoch,Ocuitepe [C],4,,6,,,1,3,,,,,,,,,1,4,,,,,,,,,,,,,,,,,2,"2,5",,,,,,,,,,,,,,,,,,,,,,,,,1,,,,,,,,,,,,,,,,0,,,,,,,,,,,,,,,,,1,E,F,F,,,,,,,,,,1,8,R,T',J'',R,R,T,T,R''',T,,,,,,6,Everpowerful,,0.00,0.75,0.25,1.00,
20231007,Tanoch,Tanochetlan [BR],2,Y,14,,,,,,,,,1,3,,,,,,,,,,,,,,,,,,,,,1,3,,,,,,,,,,,,,,,,,1,1,2,"3,1",4,"4,5,3,4",,,,,,,,,,,,,,,,,,,4,C1,A3,B4,B4,,,,,,,,,,"1,3",,,1,F,F,G,,,,,,,,,,3,7,J,T',G',T,R''',,G',T',T,,,,,,7,Everpowerful,,0.50,0.88,0.25,1.63,
20231008,Tanoch,Tecoacui [BC],8,Y,1,1,7,,,,,,,,,,,,,,,,,,,,,,,,,,,,,,,,,,,,,,,,,,,,,,,,,,,,,,,,,,,,,,,,,,,,,,,0,,,,,,,,,,,,,,,,,0,,,,,,,,,,,,,0,1,R,,,,,,,,,,,,,,0,Eclipse,,0.00,0.00,0.00,0.00,
20231006,Tanoch,Tecoalte [BL],1,,13,,,,,1,5,,,,,2,"2,5",,,,,,,,,,,,,,,,,,,1,3,2,"2,3",1,3,,,,,,,,,1,3,,,1,1,1,2,,,,,,,,,,,,,,,,,,,,,0,,,,,,,,,,,,,,,,,3,H,E,F,E,E,H,H,F,E,,,,3,8,J',R,R,J,T,J,T,T,R',R,T,,,,2,Everpowerful,,0.00,0.25,0.75,1.00,
20231007,Tanoch,Tecpan [TC],1,,9,,,,,,,1,1,,,,,,,,,,,,,,,,,,,,,,,,,,,,,,,1,4,,,,,,,,,1,3,1,3,,,,,,,,,,,,,,,,,,,,,4,A1,A2,A2,A2,,,,,,,,,,,"1,3",,1,G,H,G,,,,,,,,,,3,3,T,G,G,,J,,,,,,,,,,0,Eclipse,,0.50,0.00,0.25,0.75,
20231012,Tanoch,Telapente [BR],8,Y,3,1,9,,,,,,,,,,,,,,,,,,,,,,,,,,,,,2,"7,7",,,,,,,,,,,,,,,,,,,,,,,,,,,,,,,,,,,,,,,,,0,,,,,,,,,,,,,,,,,0,,,,,,,,,,,,,0,2,R'',T,,,,,,,,,,,,,2,Uruk,,0.00,0.25,0.00,0.25,
20231007,Tanoch,Teozacoz [TL],2,,4,,,,,,,,,,,,,,,,,,,,,,,,,,,,,,,1,1,,,,,1,3,,,,,,,,,,,1,4,,,,,,,,,,,,,,,,,,,,,,,1,B2,,,,,,,,,,,,,,,,0,,,,,,,,,,,,,0,2,T',,,T,,,,,,,,,,,1,Everpowerful,,0.13,0.13,0.00,0.25,
20231008,Tanoch,Teozauhq [BC],5,Y,6,,,,,,,,,,,,,,,,,,,,,,,,,,,,,,,1,3,1,7,,,,,,,,,,,,,,,,,2,"6,7",,,,,,,,,1,6E,,,,,,,,,,,0,,,,,,,,,,,,,,,,,1,F,H,G,,,,,,,,,,1,2,J,R',R,,,,,,,,,,,,1,Everpowerful,,0.00,0.13,0.25,0.38,
20231010,Tanoch,Tepec [TL],6,Y,5,,,,,,,,,,,,,1,8E,,,,,,,,,,,,,,,,,1,4,,,,,,,,,,,,,,,,,,,1,4,,,1,,,,,,,,1,8R,,,,,,,,,0,,,,,,,,,,,,,,,,,0,,,,,,,,,,,,,2,5,G,T'',T,R',G',,,,,,,,,,4,Uruk,,0.00,0.50,0.00,0.50,
20231007,Tanoch,Tepecoal [C],1,Y,1,,,,,,,,,,,,,,,,,,,,,,,,,,,,,,,1,2,,,,,,,,,,,,,,,,,,,,,,,,,,,,,,,,,,,,,,,,,0,,,,,,,,,,,,,,,,,0,,,,,,,,,,,,,1,1,,G,,,,,,,,,,,,,0,Everpowerful,,0.00,0.00,0.00,0.00,
20231007,Tanoch,Tetelad [BR],1,,11,,,1,2,,,,,,,,,,,,,,,,,,,,,,,,,,,1,3,1,2,,,,,,,,,,,,,,,1,2,2,"4,2",,,,,,,,,,,,,,,,,,,,,4,A1,C2,A2,B3,,,,,,,,,,2,3,,1,H,G,E,,,,,,,,,,2,4,T,T,,J,G,T'',,,,,,,,,2,Everpowerful,,0.50,0.25,0.25,1.00,
20231008,Tanoch,Tixpan [C],5,,3,,,,,,,,,,,,,1,6,,,,,,,,,,,,,,,,,1,7,,,,,,,,,,,,,,,,,1,5,,,,,,,,,,,,,,,,,,,,,,,0,,,,,,,,,,,,,,,,,0,,,,,,,,,,,,,0,2,T,,R,,,,,,,,,,,,0,Everpowerful,,0.00,0.00,0.00,0.00,
Wave 1,Tanoch,Tlacozau [BR],7,,4,1,9,,,,,,,,,,,,,,,,,,,,,,,,,,,,,1,6,,,,,,,,,,,1,5,,,,,,,,,,,,,,,,,,,,,,,,,,,,,1,C9,,,,,,,,,,,,,,5,,0,,,,,,,,,,,,,1,3,,G',R''',R,,,,,,,,,,,4,,,0.13,0.50,0.00,0.63,
Wave 1,Tanoch,Tlapan [BR],7,,4,1,8,,,,,,,,,,,,,,,,,,,,,,,,,,,,,,,,,,,1,6,,,,,,,,,,,,,,,,,,,,,,,,,,,,,,,,,,,2,B7,C9,,,,,,,,,,,,"6,7",,,0,,,,,,,,,,,,,0,4,T,T,R,,R,,,,,,,,,,0,,,0.25,0.00,0.00,0.25,
Wave 1,Tanoch,Tlatlan [I],7,,8,1,6,,,,,,,,,,,,,,,,,,,,,,,,,,,,,2,"6,6",,,,,,,,,,,,,,,,,,,,,,,,,,,,,,,,,,,,,,,,,4,A5,A5,C7,A8,,,,,,,,,,,"6,8",,1,G,G,F,,,,,,,,,,3,7,G,R''',,R,R,G,,T,J'',R,,,,,5,,,0.50,0.63,0.25,1.38,
Wave 3,Tanoch,Tochteop [TL],8,,14,,,,,1,9,2,"7,8",,,,,,,1,7E,,,,,,,,,,,,,,,,,1,7,,,1,9,,,,,,,,,,,1,7,1,9R,,,,,1,,,,,,,,1,8E,,,,,,,2,B6,A8,,,,,,,,,,,,,,,2,E,H,F,E,E,G,,,,,,,4,8,G'',,J',R,R,T',T,J,R',T,G',,,,6,,,0.25,0.75,0.50,1.50,
20231009,Tanoch,Tochtepe [BC],5,Y,9,1,4,,,,,,,1,4,,,,,,,,,,,,,,,,,,,,,,,,,,,,,1,4,,,,,,,1,7,1,,,,2,"4,5",,,,,,,,,,,,,,,,,,,0,,,,,,,,,,,,,,,6,8,2,H,E,G,H,G,H,,,,,,,5,4,T''',G,,G'''',R,T'',G''''',,,,,,,,14,Seraph,,0.00,1.00,0.50,1.50,
20231008,Tanoch,Tuxpante [TL],4,Y,12,1,4,,,,,,,,,,,1,2,,,,,,,,,,,,,,,,,,,,,,,1,2,,,,,,,,,,,1,4,,,,,,,,,,,,,,,,,2,,,,,,3,B2,A2,C5,,,,,,,,,,,,4,4,3,H,G,H,H,F,E,H,E,E,,,,3,0,J,J,,J'''',,,,,,,,,,,4,Everpowerful,,0.38,0.50,0.75,1.63,
20231007,Tanoch,Xala [C],1,,14,,,,,1,5,,,,,,,,,1,1,,,,,,,,,,,,,,,1,3,2,"3,2",1,3,,,,,,,1,2,,,,,,,,,,,,,,,,,,,,,,,,,,,,,6,C1,B1,B1,A2,B2,A3,,,,,,,,,,1,1,H,E,E,,,,,,,,,,3,7,J,,,T,G',,R,G,T',R,R,,,,2,Everpowerful,,0.75,0.25,0.25,1.25,
Wave 1,Tanoch,Xalapan [BR],6,Y,2,1,7,,,,,,,,,,,,,,,,,,,,,,,,,,,,,1,4,,,,,,,,,,,,,,,,,,,,,,,,,,,,,,,,,,,,,,,,,0,,,,,,,,,,,,,,,,,0,,,,,,,,,,,,,0,2,R',R,,,,,,,,,,,,,1,,,0.00,0.13,0.00,0.13,
Wave 1,Tanoch,Xilotepe [TL],5,Y,7,,,,,,,1,6,,,,,,,,,,,,,,,,,,,,,,,,,,,,,1,4,,,,,,,,,,,1,4,,,,,,,,,,,,,,,,,,,,,,,3,B3,B4,B5,,,,,,,,,,,7,,5,1,E,G,G,,,,,,,,,,2,3,T,G,J',,T,,,,,,,,,,1,,,0.38,0.13,0.25,0.75,
20231008,Tanoch,Xocotila [CL],3,Y,10,1,3,,,,,,,,,,,,,1,2,,,,,,,,,,,,,,,,,1,6,,,1,2,,,,,,,,,,,,,1,4,3,"6,3,6",,,,,,,,,,,,,,,,,,,2,A4,C5,,,,,,,,,,,,,,,0,,,,,,,,,,,,,0,6,R,,,T',R',,,R',R'',T,,,,,5,Everpowerful,,0.25,0.63,0.00,0.88,
Wave 1,Tanoch,Yoalco [C],5,,4,1,4,,,,,,,,,,,,,,,,,,,,,,,,,,,,,1,4,,,,,,,,,,,,,,,,,,,,,,,,,,,,,,,,,,,,,,,,,0,,,,,,,,,,,,,,,,,2,E,F,E,H,F,E,,,,,,,2,3,T,J'',T',T,J,,,,,,,,,,3,,,0.00,0.38,0.50,0.88,
Wave 1,Tanoch,Zempoalt [TL],8,,4,,,,,,,,,,,,,,,,,,,,,,,,,,,,,,,,,,,,,,,,,,,,,,,,,2,"6,6",,,,,,,,,,,,,,,,,,,,,,,0,,,,,,,,,,,,,,,,,2,F,H,F,F,G,G,,,,,,,2,4,R,T'',J,,T',T,J,,,,,,,,3,,,0.00,0.38,0.50,0.88,
Wave 1,Tanoch,Zempoala [C],8,,6,,,,,,,,,,,,,,,,,2,"6,8E",,,,,,,,,,,,,1,9,,,,,1,6,,,,,1,8,,,,,,,,,,,,,1,,,,,,,,,,,,,,,,0,,,,,,,,,,,,,,,,,0,,,,,,,,,,,,,1,6,T,T,G''',,T,R''',R,,,,,,,,6,,,0.00,0.75,0.00,0.75,
.,T 3,,,,,,,,,,,,,,,,,,,,,,,,,,,,,,,,,,,,,,,,,,,,,,,,,,,,,,,,,,,,,,,,,,,,,,,,,,,,,,,,,,,,,,,,,,,,,,,,,,,,,,,,,,,,,,,,,,,,,,,,,,,,,,,,,,
20231005,Iyatequa,Akalasaya [CR],6,,9,,,,,,,,,,,,,,,,,,,,,,,,,,,,,,,,,1,,,,,,,,,,2,,,,1,,,,1,,,,,,,,1,,,,,,,,,,,,1,,2,C5,B6,,,,,,,,,,,,6,,,0,,,,,,,,,,,,,2,7,T,,G',,R,R,T,,G,T,,,,,1,hanx0r,,0.25,0.13,0.00,0.38,
20231005,Iyatequa,Briuun [BR],4,Y,8,,,,,,,,,,,,,,,,,,,,,,,,,,,,,,,,,,,,,,,,,,,,,,,,,1,,,,,,,,,,,,1,9E,,,,,,,,,,,5,A7,C7,C7,B8,C8,,,,,,,,,,,,1,E,E,E,,,,,,,,,,1,1,J,,,R',,,,,,,,,,,1,hanx0r,,0.63,0.13,0.25,1.00,
20231009,Iyatequa,Kantalasa [BR],4,,12,,,,,,,,,,,,,,,,,,,,,,,,,,,,,,,1,3,,,,,1,2,1,7,,,,,1,4,,,2,"2,5",1,3,,,,,,,,,1,3R,,,,,,,,,,,3,A4,A5,B5,,,,,,,,,,,,,,1,H,F,F,,,,,,,,,,2,4,R'',R',T,J,G'',,,,,,,,,,5,Eclipse,Had to update planets? Maybe prior mix with Naga,0.38,0.63,0.25,1.25,
20231009,Iyatequa,Nagaterada [BR],4,Y,4,,,,,,,,,,,,,,,,,,,,,,,,,,,,,,,1,5,,,,,1,2,,,,,,,,,,,1,4R,,,,,,,,,,,,,,,,,,,,,,,1,B4,,,,,,,,,,,,,,,,0,,,,,,,,,,,,,0,2,T'',T'',,,,,,,,,,,,,4,Eclipse,Didn't complete Rare distress. Had to update planets?,0.13,0.50,0.00,0.63,
20231019,Iyatequa,Vaal [BR],7,,11,,,,,,,,,,,,,,,,,,,,,,,,,,,,,,,1,5,1,9,,,,,,,,,,,,,,,2,"5,6",2,"6,6",,,1,,,,,,,,,,,,,,,,,,3,B6,B7,C8,,,,,,,,,,,5,,,1,F,H,F,,,,,,,,,,2,4,J,G,,T'',T,,T,,,,,,,,2,Dash Riprock,,0.38,0.25,0.25,0.88,
20231005,Iyatequa,Zaatas [BR],4,Y,6,1,5,,,,,,,,,,,,,,,,,,,,,,,,,,,,,,,,,,,1,5,,,,,2,"2,2",,,,,,,,,,,,,,,,,,,,,,,,,,,,,1,B2,,,,,,,,,,,,,,4,2,1,G,E,F,,,,,,,,,,1,4,,T,R,R,,F',,J',,,,,,,2,,Prog Signal with 6 Tormentors (1st scan),0.13,0.25,0.25,0.63,
20231005,Tanoch,Axocotil [TL],5,,13,,,,,,,1,3,1,6,,,,,,,,,,,,,,,,,,,,,1,4,,,,,,,,,,,,,1,8,,,1,5,1,4,,,,,,,,,1,4R,,,,,,,,,,,4,A3,C5,C5,A6,,,,,,,,,,3,,,2,F,E,G,H,F,E,,,,,,,2,4,T,J,,R',,J',R,R,,,,,,,2,Eclipse,,0.50,0.25,0.50,1.25,
20231019,Tanoch,Ayotla [I],7,,7,,,,,,,,,1,6,,,,,,,,,,,,,,,,,,,,,3,"6,7,6",1,8,,,,,,,,,,,,,,,,,,,,,,,,,,,1,7R,,,,,,,,,,,0,,,,,,,,,,,,,,,,,1,G,F,E,,,,,,,,,,2,6,,R,J,R,,T,T',G'',T,,,,,,3,Dash Riprock,,0.00,0.38,0.25,0.63,
20231005,Tanoch,Cuilan [BR],2,Y,7,1,"4,2",,,,,1,1,,,,,,,1,2,,,,,,,,,,,,,,,2,"2,4",1,2,,,,,,,,,,,,,,,,,1,5,,,,,,,,,,,,,,,,,,,,,0,,,,,,,,,,,,,,,,,0,,,,,,,,,,,,,1,5,T,T,R,R,,G,,,,,,,,,0,Eclipse,,0.00,0.00,0.00,0.00,
20231016,Tanoch,Ixtepec [TL],8,,10,,,,,,,,,,,,,,,1,7,,,,,,,,,,,,,,,,,1,8,,,2,"9,8",,,,,1,6,1,7,,,,,,,,,,,,,,,1,7R,1,8R,,,,,,,,,1,A7,,,,,,,,,,,,,,,8,1,E,G,F,,,,,,,,,,2,6,T',,,,G,R',J,T,T,R'',,,,,4,LostWaif,,0.13,0.50,0.25,0.88,
20231019,Tanoch,Misantep [TC],5,Y,6,1,4,1,6,,,,,,,,,1,7,1,5,,,,,,,,,,,,,,,,,1,6,,,,,,,,,,,,,,,1,5,,,,,,,,,,,,,,,,,,,,,,,0,,,,,,,,,,,,,,,,,0,,,,,,,,,,,,,0,4,T',R'',T,R,,,,,,,,,,,3,Dash Riprock,"Confirmed all signals, didn't add more spawn info [Dash]",0.00,0.38,0.00,0.38,
20231019,Tanoch,Sijin [CR],7,,18,1,8,,,,,1,9,,,,,,,,,,,,,,,,,,,,,,,,,1,9,1,8,1,6,1,6,1,9,,,,,1,7,,,1,6R,1,9,,,,,1,,,,,,,,,,,,,,6,A7,A7,B7,A7,A8,C9,,,,,,,,,"7,8",,1,G,E,F,,,,,,,,,,4,10,,J',,T',,T,G,T,T''',G',G,T,R,R'',8,Dash Riprock,Four waves,0.75,1.00,0.25,2.00,Crystals/RE/Gas
20231019,Tanoch,Teozaan [BR],5,,9,,,,,,,1,5,,,,,1,6,,,,,,,,,,,,,,,,,1,4,,,,,,,,,,,,,,,,,1,4,,,,,,,,,,,,,,,,,,,,,,,5,A3,A4,A5,A6,A7,,,,,,,,,7,6,,0,,,,,,,,,,,,,0,4,T'',T,T,,,T',,,,,,,,,3,Dash Riprock,,0.63,0.38,0.00,1.00,
20231013,Tanoch,Tepecoma [C],6,Y,12,1,6,,,,,,,,,2,7,1,8,2,"5,6",,,,,,,,,,,,,,,1,4,,,,,,,1,6,,,1,4,,,3,"8,7,9",,,,,,,,,,,,,,,,,,,,,,,,,0,,,,,,,,,,,,,,,,,0,,,,,,,,,,,,,1,11,T,R',R,T,T',R',G,T,R,R,T,,,,3,Sheepy,Four waves,0.00,0.38,0.00,0.38,
20231018,Yaot,Charatl [CL],2,,6,,,,,,,,,,,,,,,,,,,,,,,,,,,,,,,1,1,,,,,,,,,,,,,1,5,,,1,3,1,3,,,,,,,,,1,4R,,,,,,,,,,,1,C3,,,,,,,,,,,,,1,,2,0,,,,,,,,,,,,,2,4,G,,R'',G,T,,,,,,,,,,2,Dash Riprock,,0.13,0.25,0.00,0.38,
20231018,Yaot,Chocata [C],6,,9,,,,,,,,,,,,,,,,,1,7,,,,,,,,,,,,,,,,,,,,,,,,,2,"6,8",,,,,,,2,"9R,8",1,8,,,,,,,,,,,,,,,,,,,0,,,,,,,,,,,,,,,,,3,H,E,H,F,E,E,G,E,E,,,,6,4,R,G,J,G''',J,,J''',G,,,,,,,6,Dash Riprock,,0.00,0.75,0.75,1.50,
20231018,Yaot,Oica [BL],4,Y,13,,,,,,,,,,,,,,,,,,,,,,,,,,,,,,,,,,,,,1,6,,,,,,,,,,,,,,,,,,,,,,,,,,,,,,,,,,,11,C2,C2,B3,A3,C4,C4,A5,C5,B5,B5,A6,,,,,,1,G,E,H,,,,,,,,,,1,0,,,,J,,,,,,,,,,,0,Dash Riprock,,1.00,0.00,0.25,1.25,
20231018,Yaot,Paipaga [TC],6,,4,,,,,,,,,,,,,,,1,6,,,,,,,,,,,,,,,,,,,,,1,8,,,,,,,,,,,1,8,1,8E,,,,,,,,,,,,,,,,,,,,,0,,,,,,,,,,,,,,,,,0,,,,,,,,,,,,,1,4,G,R',T,T,,,,,,,,,,,1,Dash Riprock,,0.00,0.13,0.00,0.13,
20231018,Yaot,Rama [BR],3,,12,,,1,3,,,,,,,,,,,,,1,2,,,,,,,,,,,,,1,5,,,1,6,,,,,,,,,,,1,7,1,4,1,4,,,,,,,,,,,,,,,,,,,,,3,A1,B2,B4,,,,,,,,,,,,4,,2,H,H,G,H,G,F,,,,,,,2,4,R',R,T,J',J',T,,,,,,,,,3,Dash Riprock,,0.38,0.38,0.50,1.25,
20231008,Yaot,Saami Ra [TL],3,Y,6,,,,,,,,,,,,,,,1,2,,,,,,,,,,,,,,,1,2,,,,,,,,,,,,,,,,,,,2,"2,6",,,1,,,,,,1,5R,,,,,,,,,,,0,,,,,,,,,,,,,,,,,0,,,,,,,,,,,,,0,6,T,R,R,R,,R,T,,,,,,,,0,Eclipse,Didn't record fleet comp on mining ops,0.00,0.00,0.00,0.00,
20231018,Yaot,Sabio [BR],4,,11,,,,,,,,,,,,,,,,,1,6,,,,,,,,,,,,,,,,,,,,,,,,,,,1,7,,,1,5,2,"2,5",2,"5R,7",,,,,,,1,5E,1,3R,,,,,,,,,0,,,,,,,,,,,,,,,,,2,G,E,F,H,H,G,,,,,,,2,6,T,J,T',J,R,R,T',T'',,,,,,,4,Dash Riprock,,0.00,0.50,0.50,1.00,
20231008,Yaot,Samacon [TL],2,,18,,,,,,,,,,,2,"4,4",,,,,,,,,,,,,,,,,,,,,1,4,,,,,,,1,4,1,4E,1,2,,,,,2,"2E,3R",,,,,,,,,1,3R,,,,,,,,,,,8,B2,C3,C3,C3,C3,B3,B3,B4,,,,,,,"2,3",,1,E,H,E,,,,,,,,,,3,6,,,T,G',J,,,T,R',T,G,,,,2,Eclipse,Didn't record fleet comp on epics,1.00,0.25,0.25,1.50,
20231018,Yaot,"Subaca [Finger, T]",1,Y,8,,,1,1,,,,,,,,,,,,,,,,,,,,,,,,,,,1,1,1,1,,,,,,,,,,,,,,,,,2,"2,4",,,1,,,,,,,,,,,,,,,,,,0,,,,,,,,,,,,,,,,,2,H,F,G,H,H,G,,,,,,,2,5,T,J,T''',,R,J,T,T,,,,,,,3,Dash Riprock,,0.00,0.38,0.50,0.88,
20231018,Yaot,Subacuy [CT],1,,9,1,1,,,,,,,,,2,"2,3",,,,,,,,,,,,,,,,,,,1,1,,,,,,,,,1,5,,,1,1,,,,,1,3,,,,,,,,,,,,,,,,,,,,,0,,,,,,,,,,,,,,,,,2,E,F,E,H,E,G,,,,,,,4,6,J''',J,G,T,,R,,R,T',G,,,,,4,Dash Riprock,,0.00,0.50,0.50,1.00,
20231016,Yaot,Tenjaca [TL],2,Y,15,,,,,,,,,,,,,,,,,,,,,,,,,,,,,,,,,,,,,,,1,3,,,,,3,"1,3,4E",1,3,2,"4,2",,,1,5,,,,,,,,,,,,,,,,,,,6,B1,B1,C1,B2,A3,A4,,,,,,,,,,4,1,G,H,E,,,,,,,,,,2,7,T,T,J',T,G''''',,T,,R,T,,,,,6,Dash Riprock,,0.75,0.75,0.25,1.75,
20231016,Yaot,Teuascate [CL],2,,4,,,,,,,1,2,,,,,1,3,,,,,,,,,,,,,,,,,,,,,,,,,,,,,1,1,,,,,1,1,,,,,,,,,,,,,,,,,,,,,,,0,,,,,,,,,,,,,,,,,0,,,,,,,,,,,,,1,3,G,R'',T'',,,,,,,,,,,,4,Dash Riprock,,0.00,0.50,0.00,0.50,
20231018,Yaot,Teuasia [TR],1,,7,,,,,,,,,,,,,,,,,,,,,,,,,,,,,,,,,,,,,1,3,,,,,,,,,,,2,"2,3",,,,,,,,,,,,,,,,,,,,,,,4,B1,B2,C3,A3,,,,,,,,,,1,,,0,,,,,,,,,,,,,1,2,,G,,T,,,,,,,,,,,0,Dash Riprock,,0.50,0.00,0.00,0.50,
20231018,Yaot,Tiba [BC],1,Y,5,,,,,,,,,,,,,,,,,,,,,,,,,,,,,,,2,"1,3",,,,,,,,,,,1,2,,,,,,,2,"2,4",,,,,,,,,,,,,,,,,,,,,0,,,,,,,,,,,,,,,,,0,,,,,,,,,,,,,0,4,,T,T,T'''',T',,,,,,,,,,5,Dash Riprock,,0.00,0.63,0.00,0.63,
20231012,Yaot,Tibata [TL],1,,14,,,,,,,1,3,,,,,,,,,1,4,,,,,,,,,,,,,,,1,2,1,2,,,,,1,3,,,,,,,1,1,,,1,4,,,,,,,1,3R,,,,,,,,,,,5,C1,B1,B1,C2,B3,,,,,,,,,,,,1,H,F,G,,,,,,,,,,1,5,T'',,,T'',T,R,,J'',R,,,,,,6,Uruk,Something got mixed up. Tibata has no signals. [Uruk]: I confirm all signals reported here. Is it an old message ??,0.63,0.75,0.25,1.63,
20231018,Yaot,"Tinjo [Finger, C]",3,,7,,,1,6,,,1,2,1,3E,,,,,,,,,,,,,,,,,,,,,,,1,5,,,,, ,,,,1,3,1,2,,,,,,,,,,,,,,,,,,,,,,,,,,,0,,,,,,,,,,,,,,,,,1,F,G,E,,,,,,,,,,2,3,,J,G,T',T,,,,,,,,,,1,Dash Riprock,check if Relic Sig is Wave 1,0.00,0.13,0.25,0.38,
20231018,Yaot,Tocata [TR],7,,6,,,,,,,1,8,,,,,1,5,,,,,,,,,,,,,,,,,,,,,,,,,,,,,,,,,,,,,,,,,,,,,,,,,,,,,,,,,,,4,B6,B7,A9,C9,,,,,,,,,,,8,,0,,,,,,,,,,,,,0,2,T,,R',,,,,,,,,,,,1,Dash Riprock,,0.50,0.13,0.00,0.63,
20231018,Yaot,"Tocon [Finger, B]",2,Y,3,,,,,,,1,1,,,,,,,,,,,,,,,,,,,,,,,,,,,,,,,,,,,1,3,,,,,1,4,,,,,,,,,,,,,,,,,,,,,,,0,,,,,,,,,,,,,,,,,0,,,,,,,,,,,,,0,2,,T,,R',,,,,,,,,,,1,Dash Riprock,,0.00,0.13,0.00,0.13,
20231018,Yaot,Topa [BR],2,,7,,,,,,,,,1,1,,,,,,,,,,,,,,,,,,,,,1,1,1,2,,,,,,,,,1,4,,,,,,,2,"5,2",,,,,,,,,,,,,,,,,,,,,1,A2,,,,,,,,,,,,,,3,4,0,,,,,,,,,,,,,3,6,G',,T,R,T',G,G',,,,,,,,3,Dash Riprock,,0.13,0.38,0.00,0.50,
20231018,Yaot,Topaconta [TC],1,,5,,,,,,,,,,,,,,,,,,,,,,,,,,,,,,,1,2,,,,,,,,,,,,,,,,,2,"2,3",,,,,,,,,,,,,,,,,,,,,,,2,B2,A3,,,,,,,,,,,,1,,3,0,,,,,,,,,,,,,0,3,T,R,,T,,,,,,,,,,,0,Dash Riprock,,0.25,0.00,0.00,0.25,
20231018,Yaot,Topaque [BR],6,Y,13,,,,,,,,,,,,,,,,,,,,,,,,,,,,,,,1,6,1,7,1,8,,,,,,,,,1,6,1,8,2,"5,6",,,,,,,,,,,1,7E,,,,,,,,,,,4,C5,B5,C6,A7,,,,,,,,,,,,"6,8",1,H,E,F,,,,,,,,,,2,6,T'''',T'',,T'''',T,R'',G,,J,,,,,,12,Dash Riprock,,0.50,1.00,0.25,1.75,
20231018,Yaot,Tunda Miraan [TC],1,Y,11,,,,,,,1,3,,,,,,,,,,,,,,,,,,,,,,,,,1,4,,,,,1,3,,,,,,,,,,,,,,,,,,,,,1,1R,,,,,,,,,,,4,A1,B1,A2,C2,,,,,,,,,,,2,1,3,F,H,H,G,E,E,G,G,G,,,,3,0,J,J'',J'',,,,,,,,,,,,4,Dash Riprock,,0.50,0.50,0.75,1.75,
20231016,Yaot,Turmequi [TL],8,Y,5,1,6,,,,,,,,,,,,,,,,,,,,,,,,,,,,,,,1,9,,,,,,,,,,,,,,,2,"8,8",1,9,,,,,,,,,,,,,,,,,,,,,0,,,,,,,,,,,,,,,,,0,,,,,,,,,,,,,1,6,T,G,T',T',,T',R,,,,,,,,3,Dash Riprock,,0.00,0.38,0.00,0.38,
20231018,Yaot,Ubacontl [BR],6,Y,6,,,,,,,1,6,,,,,1,5,,,,,,,,,,,,,,,,,,,,,,,,,,,,,1,6,,,,,1,8,,,,,,,,,,,,,,,,,,,,,,,1,B4,,,,,,,,,,,,,,4,,1,E,F,E,,,,,,,,,,1,2,,J,R',T,,,,,,,,,,,1,Dash Riprock,,0.13,0.13,0.25,0.50,
20231018,Yaot,Yaotl [C],7,Y,5,,,1,7,,,1,6,1,6,,,,,,,,,,,,,,,,,,,,,,,,,,,,,,,,,,,,,,,2,"8,8",,,,,,,,,,,,,,,,,,,,,,,0,,,,,,,,,,,,,,,,,0,,,,,,,,,,,,,0,4,T',T',R'''',,R,,,,,,,,,,6,Dash Riprock,,0.00,0.75,0.00,0.75,
20231017,Yaot,Ytep [TR],4,,14,,,1,,,,,,,,2,,,,,,,,,,,,,,,,,,,,,,1,,,,,,,,,,,,,,,,2,,,,1,,1,,,,,,,,,,,,,,,,,,4,B2,A5,A5,B5,,,,,,,,,,,,,2,G,G,H,G,G,G,,,,,,,2,5,,R,,R,R',J,R',R,J,,,,,,2,hanx0r,,0.50,0.25,0.50,1.25,
20231016,Yaot,Ziipaga [CL],8,Y,7,,,,,,,,,,,,,,,,,,,,,,,,,,,,,,,2,,,,,,1,,,,,,,,,,,,1,,,,,,,,,,,,,,,,,,,,,,,,3,A6,B8,A9,,,,,,,,,,,7,,8,0,,,,,,,,,,,,,0,3,R',R,,R'',,,,,,,,,,,3,hanx0r,,0.38,0.38,0.00,0.75,
20231018,Yaot,Zipate [TC],5,,11,,,,,,,,,,,,,,,,,,,,,,,,,,,,,,,,,2,"5,5",,,,,,,,,,,,,,,4,"5,5,3",,,1,8,,,,,,,,,,,1,8R,,,,,,,1,A7,,,,,,,,,,,,,7,,8,2,H,G,H,F,G,F,,,,,,,2,6,T,T,R',T,J''',T'',J,,T,,,,,,6,Dash Riprock,,0.13,0.75,0.50,1.38,
.,T 4,,,,,,,,,,,,,,,,,,,,,,,,,,,,,,,,,,,,,,,,,,,,,,,,,,,,,,,,,,,,,,,,,,,,,,,,,,,,,,,,,,,,,,,,,,,,,,,,,,,,,,,,,,,,,,,,,,,,,,,,,,,,,,,,0.00,,
20231012,Amassari,Anad [TR],6,,10,,,,,,,,,,,,,,,,,,,,,,,,,,,,,,,1,8,1,9,,,,,,,,,1,8,,,,,2,"4,4",2,"8,5",,,,,,,,,,,,,,,,,,,,,0,,,,,,,,,,,,,,,,,3,G,F,G,G,E,E,E,F,E,,,,4,4,J',,G'',J,J,R''',T,T',,,,,,,7,Dash Riprock,,0.00,0.88,0.75,1.63,
20231005,Amassari,Antaltan [BR],7,Y,17,,,,,,,,,,,,,,,,,,,1,5E,3,"6,7,8",,,,,,,2,"9,9",1,6,,,,,,,,,,,,,,,1,8,1,7,,,,,,,,,,,,,,,,,,,,,,,4,B6,A7,A8,C9,,,,,,,,,,,,,4,H,F,E,H,H,F,G,E,H,H,G,E,5,4,T'''',J,J,J,J,G,,T,R',,,,,,5,Dash Riprock,,0.50,0.63,1.00,2.13,Gas/Crystals/RE
20231006,Amassari,Canaxtela [C],2,,10,,,,,,,,,,,,,,,,,,,,,1,2,,,,,,,,,,,,,,,,,,,,,,,,,,,2,"1,3",1,4,1,6,,,,,,,,,,,1,3R,,,,,,,0,,,,,,,,,,,,,,,,,4,G,F,G,G,F,E,E,E,F,G,E,H,4,2,J,J,J'',,T,R,J,,,,,,,,2,Sheepy,,0.00,0.25,1.00,1.25,
20231010,Amassari,Cansaga [CR],8,,13,,,,,,,,,,,,,,,,,,,2,"6,7",,,,,,,1,8,,,,,1,8,,,,,1,7,,,,,,,,,,,,,,,,,,,,,,,,,,,,,,,,,7,C6,C7,C8,B9,A9,C9,A9,,,,,,,,7,,1,F,E,E,,,,,,,,,,1,3,R'',,,R,J,T',,,,,,,,,3,Seraph,,0.88,0.38,0.25,1.50,
20231012,Amassari,Dandita [CL],2,Y,4,,,,,,,,,,,,,,,,,,,,,1,4,,,,,1,4,,,,,,,,,,,,,,,,,,,,,2,"3,3",,,,,,,,,,,,,,,,,,,,,,,0,,,,,,,,,,,,,,,,,0,,,,,,,,,,,,,0,4,R,T'',R,R,,,,,,,,,,,2,Sheepy,,0.00,0.25,0.00,0.25,
20231013,Amassari,Dasdonak [TR],7,,6,,,,,,,,,,,,,,,,,,,,,,,,,,,,,,,1,9,,,,,,,,,,,,,,,,,,,,,,,,,,,,,,,,,,,1,7R,,,,,3,B5,C6,B9,,,,,,,,,,,,5,5,1,H,G,E,,,,,,,,,,1,1,R,J,,,,,,,,,,,,,0,Dash Riprock,,0.38,0.00,0.25,0.63,
20231006,Amassari,Del [CL],2,,4,,,,,,,,,,,,,,,,,,,1,4,,,,,,,,,,,,,,,,,,,,,,,,,,,,,2,"3,4",,,,,,,,,,,,,,,,,,,,,,,0,,,,,,,,,,,,,,,,,1,F,E,H,,,,,,,,,,1,1,T,J,,,,,,,,,,,,,0,Sheepy,,0.00,0.00,0.25,0.25,
20231010,Amassari,Hataldan [CR],6,Y,5,,,,,,,,,,,,,,,,,,,,,,,,,1,4,,,,,1,7,,,,,,,,,,,1,4,,,,,,,,,,,1,,,,,,,,,,,,,,,,,,0,,,,,,,,,,,,,,,,,1,F,E,H,,,,,,,,,,2,2,J,G,,R,,,,,,,,,,,0,Seraph,,0.00,0.00,0.25,0.25,
20231011,Amassari,Iliyin [CL],8,Y,10,,,,,,,,,,,,,,,,,,,,,,,,,,,1,7,,,,,1,9,,,1,8,,,,,,,,,,,1,7,1,8,,,,,,,,,,,1,8E,,,,,,,,,3,C6,C7,B9,,,,,,,,,,,,,,1,H,E,F,,,,,,,,,,1,4,J,R'',,T,T,T,,,,,,,,,2,Dash Riprock,,0.38,0.25,0.25,0.88,
20231006,Amassari,Karisara [C],5,,13,,,,,,,,,,,,,,,,,,,,,2,"7,7",,,1,3E,1,8,,,,,,,,,2,"5E,5",,,,,,,,,,,,,1,7,,,,,,,,,,,,,,,1,3R,,,,,4,B3,C4,A5,B7,,,,,,,,,,4,6,,1,G,F,G,,,,,,,,,,2,4,R,J',T,G,,T',,,,,,,,,2,Sheepy,"Epic Prog Signal with 7 Torms, normal with 5 (1st wave)",0.50,0.25,0.25,1.00,
20231013,Amassari,Kuubata [TC],6,,12,,,,,,,,,,,,,,,,,,,,,,,,,,,,,,,1,5,,,,,,,,,,,1,5,,,,,2,"8,8",1,8,,,,,1,,,,,,,,,,,,1,5R,,,5,A4,B5,C5,B5,A7,,,,,,,,,,,7,0,,,,,,,,,,,,,0,6,,R,T,,T,T',,R,R',,,,,,2,Dash Riprock,,0.63,0.25,0.00,0.88,
20231005,Amassari,Makatia [TR],4,Y,23,,,,,,,,,,,,,,,,,,,,,2,"3,5",,,,,,,,,1,6,1,7,,,,,,,,,1,5E,,,,,1,5,1,5,,,,,,,,,,,,,,,,,,,,,13,B2,C2,B2,C3,C3,C4,C4,A4,A4,B5,C5,A6,A6,,3,,3,G,F,F,G,E,G,H,G,H,,,,3,2,R,,,,,J,J,T',J,,,,,,1,Dash Riprock,,1.00,0.13,0.75,1.88,RE/Gas/Crystals
20231012,Amassari,Manad [TC],5,,8,,,,,,,,,,,,,,,,,,,1,7,,,,,1,3,,,,,,,,,,,,,,,,,,,,,,,1,6,3,"5,7,8",,,,,,,,,,,,,,,,,1,8R,,,0,,,,,,,,,,,,,,,,,1,E,G,G,,,,,,,,,,2,5,R,G,J,R,T,R,,,,,,,,,0,Dash Riprock,,0.00,0.00,0.25,0.25,
20231011,Amassari,Vandita [CR],2,,6,,,,,,,,,,,,,,,,,,,,,,,,,,,,,,,1,3,,,,,,,,,,,1,3,,,,,1,4,,,,,,,,,,,,,,,,,1,2R,,,,,2,B1,C4,,,,,,,,,,,,,,,0,,,,,,,,,,,,,1,5,,T',T',G',T,R',,,,,,,,,4,Dash Riprock,,0.25,0.50,0.00,0.75,
20231012,Amassari,Venee [CL],4,Y,13,,,,,,,,,,,,,,,,,,,,,,,1,5,,,,,,,,,1,6,,,,,,,,,1,4,,,,,1,4,2,"5,6",2,"3,8",,,,,,,,,1,2R,,,,,,,,,2,B3,C5,,,,,,,,,,,,6,,,2,G,G,E,H,G,F,,,,,,,2,6,R'',J,R,T',,T',J,,R,R,,,,,4,Sheepy,,0.25,0.50,0.50,1.25,
20231011,Amassari,Ventala [BR],8,,13,,,,,,,,,,,,,,,,,,,,,1,7,,,,,,,,,,,,,1,7,,,,,1,8,,,1,8,2,"8,8",2,"8,8",1,9R,,,,,,,,,,,,,,,,,,,,,3,C6,C9,B9,,,,,,,,,,,7,,7,1,H,H,H,,,,,,,,,,2,5,J,,R',,T,R'',T'',G',,,,,,,6,Dash Riprock,Prog Signal with 5 Tormentors (3rd scan),0.38,0.75,0.25,1.38,
20231010,Amassari,Xibalba [BR],7,Y,9,,,,,,,,,,,,,,,,,,,1,6,,,,,1,8,,,,,,,,,,,1,7,,,,,,,,,,,,,,,,,,,,,,,,,,,,,,,,,,,6,A5,B7,C8,C8,B9,C9,,,,,,,,6,,,0,,,,,,,,,,,,,2,3,,G,G,,,T,,,,,,,,,0,Dash Riprock,,0.75,0.00,0.00,0.75,
20231005,Iyatequa,"Akapantaha [Dark Stars, R]",1,Y,13,,,,,,,,,,,,,,,,,,,,,,,,,,,,,,,1,2,1,4,,,2,"2,3",1,3,,,1,2,1,3,,,,,1,2R,,,,,,,,,,,,,,,,,,,,,4,A1,B2,B3,A2,,,,,,,,,,,,,1,G,F,F,,,,,,,,,,2,5,T',R,R,G,T,J'',,,,,,,,,3,LostWaif,Prog Signal with 6 Tormentors (1st scan),0.50,0.38,0.25,1.13,
20231005,Iyatequa,"Akata [Dark Stars, BR]",8,,3,1,7,,,,,,,,,,,,,,,,,,,,,,,,,,,,,,,,,,,,,,,,,2,"7,8",,,,,,,,,,,,,,,,,,,,,,,,,,,,,0,,,,,,,,,,,,,,,,,0,,,,,,,,,,,,,1,3,G''''',R,T,,,,,,,,,,,,5,LostWaif,,0.00,0.63,0.00,0.63,
20231005,Iyatequa,"Kalito [Dark Stars, L]",4,Y,5,1,5,2,"5,6",,,,,,,,,,,,,,,,,,,,,,,,,,,1,6,,,,,,,1,5,,,,,,,,,,,,,,,,,,,,,,,,,,,,,,,,,0,,,,,,,,,,,,,,,,,0,,,,,,,,,,,,,0,3,,R,T'',T,,,,,,,,,,,2,Sheepy,,0.00,0.25,0.00,0.25,
20231005,Iyatequa,"Kana [Dark Stars, TC]",1,Y,12,,,,,,,,,,,,,,,,,,,,,,,,,,,,,,,2,"3,3",,,,,2,"3,1E",,,,,,,1,4,,,1,2E,1,1,,,,,,,,,1,3E,,,,,,,,,,,3,C1,C3,C2,,,,,,,,,,,,,,1,G,H,F,,,,,,,,,,4,7,T',T,R'',G'',T,G,G',J,,,,,,,6,LostWaif,Epic Prog Signal with 10 Tormentors (1st wave),0.38,0.75,0.25,1.38,
20231005,Iyatequa,"Kassaya [Dark Stars, TL]",4,Y,8,,,,,,,,,,,,,,,,,,,,,,,,,,,,,,,,,,,1,6,,,1,6,1,4,,,,,1,4,2,"4,5",,,1,5R,,,1,,,,,,,,,,,,,,,,0,,,,,,,,,,,,,,,,,0,,,,,,,,,,,,,1,9,T,T,T,T,R'',G',R,R',T,,,,,,4,Sheepy,,0.00,0.50,0.00,0.50,
20231005,Iyatequa,"Kerra [Dark Stars, BR]",8,,13,,,1,8,1,9,,,,,,,,,,,,,,,,,,,,,,,,,1,6,2,"7,7",1,7,,,,,,,,,1,8,,,2,"9,6",,,1,8,,,,,,,,,,,,,,,,,,,3,C6,B7,A8,,,,,,,,,,,,,,0,,,,,,,,,,,,,3,8,R,R',T,T,G',G,G,R',,,,,,,3,LostWaif,,0.38,0.38,0.00,0.75,
20231010,Iyatequa,"Maha [Dark Stars, T]",1,Y,8,1,2,,,,,,,,,,,,,,,,,,,,,,,,,,,,,,,,,,,,,,,,,,,2,"3,3",,,1,2E,,,,,,,1,,,,,,,,,,,,,,,,3,C1,B1,B3,,,,,,,,,,,,,,0,,,,,,,,,,,,,0,4,T,,T',,T,R',,,,,,,,,2,Dash Riprock,,0.38,0.25,0.00,0.63,
20231010,Iyatequa,"Mahalasaya [Dark Stars, B]",5,,4,,,,,,,,,,,,,,,,,,,,,,,,,,,,,,,,,,,,,1,5,,,,,,,,,,,,,,,,,,,,,,,,,,,,,,,,,,,3,B5,B6,A6,,,,,,,,,,,,,,0,,,,,,,,,,,,,0,0,,,,,,,,,,,,,,,0,Dash Riprock,,0.38,0.00,0.00,0.38,
20231010,Iyatequa,"Monota [Dark Stars, C]",4,Y,5,1,4,,,,,,,,,,,,,,,,,,,,,,,,,,,,,,,,,,,1,6,,,,,,,,,,,,,,,,,1,,,,,,,,,,,,,,,,,,2,C5,B6,,,,,,,,,,,,,,,0,,,,,,,,,,,,,0,3,R'',,,T',R,,,,,,,,,,3,Dash Riprock,,0.25,0.38,0.00,0.63,
20231005,Iyatequa,"Puma Putun [Dark Stars, T]",6,,22,,,,,1,8,,,,,,,,,,,,,,,,,,,,,,,,,,,,,1,7,3,"5,8,8",,,1,7,,,1,8,,,1,4R,1,6,,,,,,,,,,,,,,,,,,,,,12,B4,C4,C4,A4,C5,B6,C6,A6,C7,A7,B7,C8,,,,,1,H,G,F,,,,,,,,,,4,7,R',G,G',,T',,T,,J,,G',R,,,4,Dash Riprock,"Delta w/ 6 Torms (3rd), Gamma w/ 5 (1st), Alpha w/ 4 (1st)",1.00,0.50,0.25,1.75,
20231005,Tanoch,"Chiauhti [Far Reaches, L]",8,,4,,,,,,,,,,,,,1,7,,,,,,,,,,,,,,,,,,,,,,,1,9,,,,,2,"9,9",,,,,,,,,,,,,,,,,,,,,,,,,,,,,0,,,,,,,,,,,,,,,,,0,,,,,,,,,,,,,1,3,R,R,G'',,,,,,,,,,,,2,LostWaif,,0.00,0.25,0.00,0.25,
20231005,Tanoch,"Cuahuaca [Far Reaches, R]",8,,6,,,,,,,,,,,,,,,,,,,,,,,,,,,,,,,,,,,,,1,9,,,,,2,"7,6",1,9,,,1,9,,,,,,,,,,,,,,,,,,,,,,,0,,,,,,,,,,,,,,,,,1,F,H,F,,,,,,,,,,1,2,R,R,J,,,,,,,,,,,,0,LostWaif,,0.00,0.00,0.25,0.25,
20231005,Tanoch,"Huatla [Far Reaches, C]",2,Y,7,,,,,,,1,3,,,,,,,,,,,,,,,,,,,,,,,,,,,,,,,,,,,,,,,,,2,"1,1",,,,,,,,,,,,,,,,,,,,,,,4,B4,C3,B4,B1,,,,,,,,,,,,,0,,,,,,,,,,,,,0,2,T,T,,,,,,,,,,,,,0,LostWaif,,0.50,0.00,0.00,0.50,
20231005,Tanoch,"Miahuaca [Far Reaches, BR]",1,Y,4,,,,,,,,,,,,,1,1,,,,,,,,,,,,,,,,,,,,,,,,,,,,,,,2,"3,2",,,1,1,,,,,,,,,,,,,,,,,,,,,,,0,,,,,,,,,,,,,,,,,0,,,,,,,,,,,,,1,5,R'',G,T,T,R,,,,,,,,,,2,LostWaif,,0.00,0.25,0.00,0.25,
20231005,Tanoch,"Socopan [Far Reaches, TL]",5,,11,1,3,,,,,1,6,,,,,,,,,,,,,,,,,,,,,,,,,1,5,1,6,,,,,1,8,,,2,"7,6",,,,,,,,,,,,,,,,,,,,,,,,,,,4,B4,C4,B6,C7,,,,,,,,,,,,,0,,,,,,,,,,,,,0,8,,R,T',T,,T',T',T''',T,T,,,,,6,Dash Riprock,"4th wave: 2 Relics (Tanoch), Yaot, and Tanoch",0.50,0.75,0.00,1.25,
20231005,Tanoch,"Teozaco [Far Reaches, TL]",6,,7,,,,,,,1,5,,,,,,,,,,,,,,,,,,,,,,,,,,,,,,,1,8,,,,,1,4,,,1,8,,,,,,,,,,,,,,,,,,,,,,,3,C5,C6,B8,,,,,,,,,,,,,,0,,,,,,,,,,,,,1,5,R,,T',,,,R'''',R,G,,,,,,5,Dash Riprock,Prog Signal with 6 Tormentors (2nd scan),0.38,0.63,0.00,1.00,
20231005,Tanoch,"Teozapot [Far Reaches, B]",8,Y,5,,,,,,,,,1,7,,,1,6,,,,,,,,,,,,,,,,,,,1,8,,,1,8,,,,,1,8E,,,,,,,,,,,,,,,,,,,,,,,,,,,,,0,,,,,,,,,,,,,,,,,0,,,,,,,,,,,,,1,5,R',T,G,T'',,R,,,,,,,,,3,Dash Riprock,Prog Signal with 6 Tormentors (1st scan),0.00,0.38,0.00,0.38,
20231010,Tanoch,"Teozauhn [Far Reaches, BR]",8,,14,,,,,,,,,,,,,,,1,8,,,,,,,,,,,,,,,1,7,1,8,,,1,9,,,,,,,,,,,1,9,,,,,,,1,,,,,,,,,,,,,,,,5,B6,C6,C6,B7,B8,,,,,,,,,,,,3,H,F,E,F,F,E,H,E,G,,,,4,4,G,J,T,J,,J,T,T,,,,,,,0,Dash Riprock,Prog Signal with 5 Tormentors (1st scan),0.63,0.00,0.75,1.38,
20231010,Tanoch,"Teozauht [Far Reaches, TR]",3,,14,1,1,1,5,2,"5,3",,,,,,,,,,,1,4,,,,,,,,,,,,,,,1,4,,,,,,,,,,,,,,,,,,,,,,,,,,,1,5R,,,,,,,,,,,6,C1,B1,C2,B2,C5,B5,,,,,,,,,,,1,F,E,G,,,,,,,,,,1,6,T''',R',T''',,,,J,T,R,R,,,,,7,Dash Riprock,,0.75,0.88,0.25,1.88,
20231011,Tanoch,"Tlapan [Far Reaches, TR]",3,,11,,,,,,,,,,,,,,,,,,,,,,,,,,,,,,,3,"5,2,1",,,,,,,1,6,,,,,1,4,,,1,1,1,6R,,,,,,,,,,,,,,,,,,,,,4,B1,B2,B2,B3,,,,,,,,,,,,,0,,,,,,,,,,,,,1,5,,T,G,R,,,R',R,,,,,,,1,Dash Riprock,,0.50,0.13,0.00,0.63,
20231011,Yaot,"Chara [Yaotl-Surha, BR]",3,Y,14,,,,,,,,,1,2E,,,,,,,,,,,,,,,,,,,,,1,,1,5,,,,,,,,,,,1,3,,,1,2E,3,"6,3,5",,,,,,,,,,,,,,,,,,,,,5,C1,A3,A3,C4,A5,,,,,,,,,,,,1,G,F,G,,,,,,,,,,4,5,R,G'',G,J,,,G,T',,,,,,,3,Dash Riprock,,0.63,0.38,0.25,1.25,
20231011,Yaot,"Charaipaqu [Yaotl-Surha, T]",7,Y,4,,,,,,,,,,,,,,,,,,,,,,,,,,,,,,,1,7,,,,,,,,,,,1,5,,,,,1,8,,,,,,,,,,,,,,,,,,,,,,,0,,,,,,,,,,,,,,,,,1,F,E,F,,,,,,,,,,1,2,R''',,J',T,,,,,,,,,,,4,Dash Riprock,,0.00,0.50,0.25,0.75,
20231013,Yaot,"Furlaan [Yaotl-Surha, C]",2,Y,12,1,4,1,4,,,,,,,,,,,,,,,,,,,,,,,,,,,1,4,,,1,3,,,1,2,,,1,4,,,,,1,3,,,1,3,,,,,,,,,,,,,,,,,,,3,B3,B4,C4,,,,,,,,,,,,,,1,H,G,G,,,,,,,,,,1,7,R,T,R,,T'',R,T,T'',J',,,,,,5,Dash Riprock,,0.38,0.63,0.25,1.25,
20231013,Yaot,"Jona Amaan [Yaotl-Surha, T]",1,,3,,,,,,,1,2,,,,,,,,,,,,,,,,,,,,,,,,,,,,,,,,,,,,,,,,,1,2,,,,,1,,,,,,,,,,,,,,,,,,0,,,,,,,,,,,,,,,,,0,,,,,,,,,,,,,0,2,R,R,,,,,,,,,,,,,0,Dash Riprock,,0.00,0.00,0.00,0.00,
20231012,Yaot,"Onza [Yaotl-Surha, C]",1,,7,,,,,,,1,3,1,4,,,,,,,,,,,,,,,,,,,,,,,,,,,,,,,,,2,"2,1",1,1,,,,,1,3,,,,,,,,,,,,,,,,,,,,,1,C2,,,,,,,,,,,,,,,,0,,,,,,,,,,,,,0,5,R''',R',R,,T',T',,,,,,,,,6,Dash Riprock,,0.13,0.75,0.00,0.88,
20231012,Yaot,"Paia [Yaotl-Surha, T]",6,,6,,,,,,,1,7,,,,,1,8,,,,,,,,,,,,,,,,,1,7,,,,,,,,,,,1,6,,,,,,,,,,,,,,,,,,,,,,,,,,,,,2,B6,A6,,,,,,,,,,,,,,,0,,,,,,,,,,,,,0,3,T'',,,R,R'''',,,,,,,,,,6,Dash Riprock,,0.25,0.75,0.00,1.00,
20231013,Yaot,"Paipata [Yaotl-Surha, R]",7,Y,4,,,,,,,1,7,,,,,,,,,,,,,,,,,,,,,,,1,6,,,,,1,8,,,,,,,,,,,,,,,,,,,,,,,,,,,,,,,,,,,0,,,,,,,,,,,,,,,,,1,E,E,F,,,,,,,,,,1,2,J,,R,R,,,,,,,,,,,0,Dash Riprock,,0.00,0.00,0.25,0.25,
20231011,Yaot,"Toba [Yaotl-Surha, TL]",5,,7,,,,,,,1,5,,,,,,,,,,,,,,,,,,,,,,,,,,,,,,,,,,,,,1,4E,,,1,6,1,4,,,,,,,,,,,,,,,,,,,,,3,A3,C4,C5,,,,,,,,,,,,,,0,,,,,,,,,,,,,0,3,T,T,T,,,,,,,,,,,,0,Dash Riprock,,0.38,0.00,0.00,0.38,
20231004,Yaot,"Usmequesca [Yaotl-Surha, R]",4,,10,,,,,,,,,,,,,,,1,3,,,,,,,,,,,,,,,,,1,2,,,,,,,,,1,,1,7,,,2,"4,4",,,,,,,,,,,,,,,,,,,,,,,1,C4,,,,,,,,,,,,,,,,3,H,E,G,F,G,E,E,G,G,,,,3,2,R''',R,J,J,J,,,,,,,,,,3,Seraph,,0.13,0.38,0.75,1.25,
20231004,Yaot,"Usmequira [Yaotl-Surha, BR]",8,,10,,,1,,,,,,,,,,,,,,,,,,,,,,,,,,,,,,1,8,,,,,,,,,,,1,9,,,1,9,,,,,,,,,,,1,8E,,,,,,,,,,,3,C6,B7,C8,,,,,,,,,,,,,,2,F,G,G,G,H,E,,,,,,,2,1,T,J',J,,,,,,,,,,,,1,Seraph,,0.38,0.13,0.50,1.00,
,,,,,,,,,,,,,,,,,,,,,,,,,,,,,,,,,,,,,,,,,,,,,,,,,,,,,,,,,,,,,,,,,,,,,,,,,,,,,,,,,,,,,,,,,,,,,,,,,,,,,,,,,,,,,,,,,,,,,,,,,,,,,,,0.00,0.00,0.00,0.00,
,,,,,,,,,,,,,,,,,,,,,,,,,,,,,,,,,,,,,,,,,,,,,,,,,,,,,,,,,,,,,,,,,,,,,,,,,,,,,,,,,,,,,,,,,,,,,,,,,,,,,,,,,,,,,,,,,,,,,,,,,,,,,,,,,,,
Index #,1,2,3,4,5,6,7,8,9,10,11,12,13,14,15,16,17,18,19,20,21,22,23,24,25,26,27,28,29,30,31,32,33,34,35,36,37,38,39,40,41,42,43,44,45,46,47,48,49,50,51,52,53,54,55,56,57,58,59,60,61,62,63,64,65,66,67,68,69,70,71,72,73,74,75,76,77,78,79,80,81,82,83,84,85,86,87,88,89,90,91,92,93,94,95,96,97,98,99,100,101,102,103,104,105,106,107,108,109,110,111,112,113,114,115,116,117,118,119,120,121,122,123,124,125,126,127,128,129,130,
Notation Legend,,,,,,,,,,,,,,,,,,,,,,,,,,,,,,,,,,,,,,,,,,,,,,,,,,,,,,,,,,,,,,,,,,,,,,,,,,,,,,,,,,,,,,,,,,,,,,,,,,,,,,,,,,,,,,,,,,,,,,,,,,,,,,,,,,,
,,,,,,,,,,,,,,,,,,,,,,,,,,,,,,,,,,,,,,,,,,,,,,,,,,,,,,,,,,,,,,,,,,,,,,,,,,,,,,,,,,,,,,,,,,,,,,,,,,,,,,,,,,,,,,,,,,,,,,,,,,,,,,,,,,,
YYYYMMDD,Complete to final wave on YYYYMMDD,,,,,,,Legacy Asteroid Notes,,,,,,,,,,,,,,,,,,,,,,,,,,,,,,,,,,,,,,,,,,,,,,,,,,,,,,,,,,,,,,,,,,,,,,,,,,,,,,,,,,,,,,,,,,,,,,,,,,,,,,,,,,,,,,,,,,,,,,,,,,,
Wave X,Complete only to wave X (with resources),,,,,,,Wave times are tested by staying at centre of map.,,,,,,,,,,,,,,,,,,,,,,,,,,,,,,,,,,,,,,,,,,,,,,,,,,,,,,,,,,,,,,,,,,,,,,,,,,,,,,,,,,,,,,,,,,,,,,,,,,,,,,,,,,,,,,,,,,,,,,,,,,,
,Not yet done,,,,,,,"If you actively hunt them down sooner, next wave will come earlier, and vice versa.",,,,,,,,,,,,,,,,,,,,,,,,,,,,,,,,,,,,,,,,,,,,,,,,,,,,,,,,,,,,,,,,,,,,,,,,,,,,,,,,,,,,,,,,,,,,,,,,,,,,,,,,,,,,,,,,,,,,,,,,,,,
[name],Used to reserve system for an indexer,,,,,,,"Far distance = over 200km from centre, about 70% from centre to edge",,,,,,,,,,,,,,,,,,,,,,,,,,,,,,,,,,,,,,,,,,,,,,,,,,,,,,,,,,,,,,,,,,,,,,,,,,,,,,,,,,,,,,,,,,,,,,,,,,,,,,,,,,,,,,,,,,,,,,,,,,,
Rare,Denotes at least one signal is of rare type,,,,,,,"Mid distance = about 150 km from centre, about 50% from centre to edge",,,,,,,,,,,,,,,,,,,,,,,,,,,,,,,,,,,,,,,,,,,,,,,,,,,,,,,,,,,,,,,,,,,,,,,,,,,,,,,,,,,,,,,,,,,,,,,,,,,,,,,,,,,,,,,,,,,,,,,,,,,
Epic,Denotes at least one signal is of epic type,,,,,,,Close distance = just outside of 90 km target range,,,,,,,,,,,,,,,,,,,,,,,,,,,,,,,,,,,,,,,,,,,,,,,,,,,,,,,,,,,,,,,,,,,,,,,,,,,,,,,,,,,,,,,,,,,,,,,,,,,,,,,,,,,,,,,,,,,,,,,,,,,
[number],Computed field - DO NOT EDIT!,,,,,,,Center distance = most spawns within 90km target range,,,,,,,,,,,,,,,,,,,,,,,,,,,,,,,,,,,,,,,,,,,,,,,,,,,,,,,,,,,,,,,,,,,,,,,,,,,,,,,,,,,,,,,,,,,,,,,,,,,,,,,,,,,,,,,,,,,,,,,,,,,
System [X],Location of system:,,,,,,,Time is measured frrom last wave appearance.  First contact measured from cutscene ends.,,,,,,,,,,,,,,,,,,,,,,,,,,,,,,,,,,,,,,,,,,,,,,,,,,,,,,,,,,,,,,,,,,,,,,,,,,,,,,,,,,,,,,,,,,,,,,,,,,,,,,,,,,,,,,,,,,,,,,,,,,,
,    B - Bottom,,,,,,,,,,,,,,,,,,,,,,,,,,,,,,,,,,,,,,,,,,,,,,,,,,,,,,,,,,,,,,,,,,,,,,,,,,,,,,,,,,,,,,,,,,,,,,,,,,,,,,,,,,,,,,,,,,,,,,,,,,,,,,,,,,
,    T - Top,,,,,,,,,,,,,,,,,,,,,,,,,,,,,,,,,,,,,,,,,,,,,,,,,,,,,,,,,,,,,,,,,,,,,,,,,,,,,,,,,,,,,,,,,,,,,,,,,,,,,,,,,,,,,,,,,,,,,,,,,,,,,,,,,,
,    L - Left,,,,,,,,,,,,,,,,,,,,,,,,,,,,,,,,,,,,,,,,,,,,,,,,,,,,,,,,,,,,,,,,,,,,,,,,,,,,,,,,,,,,,,,,,,,,,,,,,,,,,,,,,,,,,,,,,,,,,,,,,,,,,,,,,,
,    R - Right,,,,,,,,,,,,,,,,,,,,,,,,,,,,,,,,,,,,,,,,,,,,,,,,,,,,,,,,,,,,,,,,,,,,,,,,,,,,,,,,,,,,,,,,,,,,,,,,,,,,,,,,,,,,,,,,,,,,,,,,,,,,,,,,,,
,    C - Center,,,,,,,,,,,,,,,,,,,,,,,,,,,,,,,,,,,,,,,,,,,,,,,,,,,,,,,,,,,,,,,,,,,,,,,,,,,,,,,,,,,,,,,,,,,,,,,,,,,,,,,,,,,,,,,,,,,,,,,,,,,,,,,,,,
,    I - Separated Island,,,,,,,,,,,,,,,,,,,,,,,,,,,,,,,,,,,,,,,,,,,,,,,,,,,,,,,,,,,,,,,,,,,,,,,,,,,,,,,,,,,,,,,,,,,,,,,,,,,,,,,,,,,,,,,,,,,,,,,,,,,,,,,,,,
,    BR - Bottom Right,,,,,,Signal Details Encoding,,,,,,,,,,,,,,,,,,,,,,,,,,,,,,,,,,,,,,,,,,,,,,,,,,,,,,,,,,,,,,,,,,,,,,,,,,,,,,,,,,,,,,,,,,,,,,,,,,,,,,,,,,,,,,,,,,,,,,,,,,,,
,   CR - Center Right,,,,,,,,,,,,,,,,,,,,,,,,,,,,,,,,,,,,,,,,,,,,,,,,,,,,,,,,,,,,,,,,,,,,,,,,,,,,,,,,,,,,,,,,,,,,,,,,,,,,,,,,,,,,,,,,,,,,,,,,,,,,,,,,,,
,    etc...,,,,,,1,"3      (Cang:1MF,4I;1MF,2S)",1,4,,,2,"2,3",1,3,,,,Adjacent cell with human readable level list and optional clipped computer readable shorthand.,,,,,,,,,,,,,,,,,,,,,,,,,,,,,,,,,,,,,,,,,,,,,,,,,,,,,,,,,,,,,,,,,,,,,,,,,,,,,,,,,,,,,,,,,,,,,,,,,,,,,,,,,,,,,,,
,,,,,,,,,,,,,,,,,,,,Accounts for rares with an R suffix and epics with an E suffix.,,,,,,,,,,,,,,,,,,,,,,,,,,,,,,,,,,,,,,,,,,,,,,,,,,,,,,,,,,,,,,,,,,,,,,,,,,,,,,,,,,,,,,,,,,,,,,,,,,,,,,,,,,,,,,,
,,,,,,,1,6,,,,,,,1,5,,,,,,,,,,,,,,,,,,,,,,,,,,,,,,,,,,,,,,,,,,,,,,,,,,,,,,,,,,,,,,,,,,,,,,,,,,,,,,,,,,,,,,,,,,,,,,,,,,,,,,,,,,,,,,,,,,,
,,,,,,,2,"3,3",,,,,2,"3,1E      (2T,2M;1T,5M) (5T;5T)",,,,,,,,,,,,,,,,,,,,,,,,,,,,,,,,,,,,,,,,,,,,,,,,,,,,,,,,,,,,,,,,,,,,,,,,,,,,,,,,,,,,,,,,,,,,,,,,,,,,,,,,,,,,,,,,,,,,,
,,,,,,,,,,,1,6,,,1,"6      (2T,4D;6M,2D)",1,4,,,,,,,,,,,,,,,,,,,,,,,,,,,,,,,,,,,,,,,,,,,,,,,,,,,,,,,,,,,,,,,,,,,,,,,,,,,,,,,,,,,,,,,,,,,,,,,,,,,,,,,,,,,,,,,,,
,,,,,,,1,6,2,"7,7",1,7,,,,,,,,,,,,,,,,,,,,,,,,,,,,,,,,,,,,,,,,,,,,,,,,,,,,,,,,,,,,,,,,,,,,,,,,,,,,,,,,,,,,,,,,,,,,,,,,,,,,,,,,,,,,,,,,,,,,,,,