Signals/Details Randomize on Timer,,,,  Jump Power,  Trading Station,Legends:,,,,Cangacian,,,,,,Iyatequa,,,,,,Tanoch,,,,,,Yaot,,,,,,Amassari,,,,,,Kiithless,,,,,,Rare,,,,,,Epic,,,,,,Multi,,,,,,Trader,,,,,,,,,,,,,,,,,,Legends:,,,M,A,B,C,D,TODO,,,,,,,,,,,,,,,,,,E,F,G,H,TODO,,,,,,,,,,Red,,Orange,,,Green,,,Cyan,,Blue,,,,,,,,,,,
"Constants: Box, Jovian, Asteroid",,,,,,Cangacian,,,,,,Tanoch,,,,,,Yaot,,,,,,Amassari,,,,,,Kiithless,,,,,,Relic,,,,,,Prog Signal,,,,,,Prog Activities,,,,,,Distress,,,,,,Trader,,,,,,Mining Ops,,,,,,Other,,,,,,Signals,,,Box,,,,,,,,,,,,,,,,,,,,,Max Asteroids:,19,,Epic,,4,:Max Mineable,,,,,,,,,,,Max Jovian:,6,,,,,,,,,,,,,,Max:,11,14,:Max Moons,,Starbase usefulness,,,,
Update,% Verified,,,,,Scan Wave,,,,,,Scan Wave,,,,,,Scan Wave,,,,,,Scan Wave,,,,,,Scan Wave,,,,,,Scan Wave,,,,,,Scan Wave,,,,,,Scan Wave,,,,,,Scan Wave,,,,,,Scan Wave,,,,,,Scan Wave,,,,,,Scan Wave,,,,,, Common, Rare, Epic, Uncom, Rare, Epic,Asteroids,,,,,,,,,,,,,,,,,,,,,Belts,,Jovians,,,,,,,,,,,,,,Planets,,,,,,,,,,,,,,,Moons,,,8,8,4,,
Status,63.16%,,Lv,,,1,,2,,3,,1,,2,,3,,1,,2,,3,,1,,2,,3,,1,,2,,3,,1,,2,,3,,1,,2,,3,,1,,2,,3,,1,,2,,3,,1,,2,,3,,1,,2,,3,,1,,2,,3,,,,,,,,  # Total,Alpha,Beta,Gamma,Delta,Epsilon,Zeta,Eta,Theta,Iota,Kappa,Lambda,Mu,Nu,Xi,Omicron,Pi,Rho,Sigma,Tau,A,B,C,  # Total,,Alpha,,,Beta,,,Gamma,,,Delta,,#,# Total Non-Jovian,,,,,,,,,,,,,,,#,Indexer,Comments,Blt/RE,Mns/Crystals,Jvns/Gas,Total,
.,T 0,,,,,,,,,,,,,,,,,,,,,,,,,,,,,,,,,,,,,,,,,,,,,,,,,,,,,,,,,,,,,,,,,,,,,,,,,,,,,,,,,,,,,,,,,,,,,,,,,,,,,,,,,,,,,,,,,,,,,,,,,,,,,,,,,,,,,,,,,,,,,,
20230118,Hiigaran,Fer Lamaan [B],3,20,,,,,,,,,,,,,,,,,,,,,,,,,,,,,,,,,,,,,,,,,,,,,,,,,,,,,,,,,,,,,,,,,,,,,,,,,,,,,-,-,-,3,M5,M4,M3,,,,,,,,,,,,,,,,,,,,1,E,E,F,,,,,,,,,,2,3,G,,,R,T,J,,,,,,,,,0,Eclipse,,0.38,0.00,0.25,0.63,
20230118,Hiigaran,Iniim [BR],8,14,,,,,,,,,,,,,,,,,,,,,,,,,,,,,,,,,,,,,,,,,,,,,,,,,,,,,,,,,,,,,,,,,,,,,,,,,,,,,-,-,-,2,M9,M8,,,,,,,,,,,,,,,,,,,,,0,,,,,,,,,,,,,1,2,T',,G',,,,,,,,,,,,2,Eclipse,,0.25,0.25,0.00,0.50,
20230118,Hiigaran,Jonalli [TR],1,10,,,,,,,,,,,,,,,,,,,,,,,,,,,,,,,,,,,,,,,,,,,,,,,,,,,,,,,,,,,,,,,,,,,,,,,,,,,,,-,-,-,5,M1,M2,M2,M3,M3,,,,,,,,,,,,,,,,,,0,,,,,,,,,,,,,0,4,R,,T'',T,R,,,,,,,,,,2,Eclipse,,0.63,0.25,0.00,0.88,
20230118,Hiigaran,Lazarus [TC],1,5,Y,,,,,,,,,,,,,,,,,,,,,,,,,,,,,,,,,,,,,,,,,,,,,,,,,,,,,,,,,,,,,,,,,,,,,,,,,,,,-,-,-,0,,,,,,,,,,,,,,,,,,,,,,,0,,,,,,,,,,,,,1,4,G',T,T,T,,,,,,,,,,,1,Eclipse,,0.00,0.13,0.00,0.13,
20230118,Hiigaran,Mitorai [BR],2,15,,,,,,,,,,,,,,,,,,,,,,,,,,,,,,,,,,,,,,,,,,,,,,,,,,,,,,,,,,,,,,,,,,,,,,,,,,,,,-,-,-,11,M1,M1,M1,M2,M3,M3,M3,M3,M3,M4,M4,,,,,,,,,,,,0,,,,,,,,,,,,,0,3,T,,R'',,,,,R,,,,,,,2,Eclipse,,1.00,0.25,0.00,1.25,
20230118,Hiigaran,Nokuuna [TC],7,14,,,,,,,,,,,,,,,,,,,,,,,,,,,,,,,,,,,,,,,,,,,,,,,,,,,,,,,,,,,,,,,,,,,,,,,,,,,,,-,-,-,5,M8,M7,M5,M9,M9,,,,,,,,,,,,,,,,,,0,,,,,,,,,,,,,0,5,R,,,T,,T,R,T',,,,,,,1,Eclipse,,0.63,0.13,0.00,0.75,
20230118,Hiigaran,Roa Tisaad [C],8,13,,,,,,,,,,,,,,,,,,,,,,,,,,,,,,,,,,,,,,,,,,,,,,,,,,,,,,,,,,,,,,,,,,,,,,,,,,,,,-,-,-,1,M7,,,,,,,,,,,,,,,,,,,,,,2,G,G,H,F,F,F,,,,,,,3,1,G,,J',J,,,,,,,,,,,1,Eclipse,,0.13,0.13,0.50,0.75,
20230118,Hiigaran,Saaret [LC],7,15,,,,,,,,,,,,,,,,,,,,,,,,,,,,,,,,,,,,,,,,,,,,,,,,,,,,,,,,,,,,,,,,,,,,,,,,,,,,,-,-,-,9,M8,M5,M5,M5,M8,M8,M9,M8,M5,,,,,,,,,,,,,,1,F,E,H,,,,,,,,,,1,4,T,,T,T,,,J'',T'',,,,,,,4,Eclipse,,1.00,0.50,0.25,1.75,
20230118,Hiigaran,Sumaar [TR],2,15,,,,,,,,,,,,,,,,,,,,,,,,,,,,,,,,,,,,,,,,,,,,,,,,,,,,,,,,,,,,,,,,,,,,,,,,,,,,,-,-,-,1,M4,,,,,,,,,,,,,,,,,,,,,,0,,,,,,,,,,,,,1,1,,,G,,,,,,,,,,,,0,Eclipse,,0.13,0.00,0.00,0.13,
20230118,Hiigaran,Toasiim [TC],1,18,,,,,,,,,,,,,,,,,,,,,,,,,,,,,,,,,,,,,,,,,,,,,,,,,,,,,,,,,,,,,,,,,,,,,,,,,,,,,-,-,-,3,M1,M1,M1,,,,,,,,,,,,,,,,,,,,1,G,E,E,,,,,,,,,,2,2,J''''',,R,G,,,,,,,,,,,5,Eclipse,,0.38,0.63,0.25,1.25,
.,T 1,,,,,,,,,,,,,,,,,,,,,,,,,,,,,,,,,,,,,,,,,,,,,,,,,,,,,,,,,,,,,,,,,,,,,,,,,,,,,,,,,,,,,,,,,,,,,,,,,,,,,,,,,,,,,,,,,,,,,,,,,,,,,,,,,,,,,,,,,,,,,,
20231219,Cangacian,"Kriitana [West, R]",7,32,,,,,,,,,,,,,,,,,,,,,,,,,,,,,,,,,,,,,,,,,,,,,,,,,,,,,,,,,,,,,,,,,,,,,,,,,,,,,1,-,-,5,A9,C8,C6,A5,A5,,,,,,,,,,,,,,,,,,0,,,,,,,,,,,,,1,1,G,,,,,,,,,,,,,,0,Sheepy,,0.63,0.00,0.00,0.63,
20231219,Cangacian,"Ze Tavaan [East, BL]",2,31,,,,,,,,,,,,,,,,,,,,,,,,,,,,,,,,,,,,,,,,,,,,,,,,,,,,,,,,,,,,,,,,,,,,,,,,,,,,,2,1,-,4,B4,A1,C3,A4,,,,,,,,,,,,,,,,,,,1,G,G,E,,,,,,,,,,3,6,,,T,T'''',J'',G,T'',G''',T',,,,,,12,Sheepy,,0.50,1.00,0.25,1.75,
20231217,Iyatequa,"Ariitar [Empty Quarter, T]",6,30,Y,,,,,,,,,,,,,,,,,,,,,,,,,,,,,,,,,,,,,,,,,,,,,,,,,,,,,,,,,,,,,,,,,,,,,,,,,,,,2,-,-,0,,,,,,,,,,,,,,,,,,,,,,,1,F,E,G,,,,,,,,,,1,1,J,R,,,,,,,,,,,,,0,Sheepy,,0.00,0.00,0.25,0.25,
20231216,Iyatequa,"Devadaasi [Cang.Drift, T]",2,30,,,,,,,,,,,,,,,,,,,,,,,,,,,,,,,,,,,,,,,,,,,,,,,,,,,,,,,,,,,,,,,,,,,,,,,,,,5,2,,3,-,-,7,A2,C2,C3,C1,C2,C4,A1,,,,,,,,,,,,,,,,1,G,G,H,,,,,,,,,,1,1,,J',T,,,,,,,,,,,,1,Sheepy,,0.88,0.13,0.25,1.25,
20230118,Iyatequa,Edowana [MR],2,50,Y,,,,,,,,,,,,,,,,,,,,,,,,,,,,,,,,,,,,,,,,,,,,,,,,,,,,,,,,,,,,,,,,,,,,,,,,,,,,1,2,-,3,C1,A1,C3,,,,,,,,,,,,,,,,,,,4,0,,,,,,,,,,,,,0,0,,,,,,,,,,,,,,,0,Eclipse,,0.38,0.00,0.00,0.38,
20230118,Iyatequa,Ekaam Nar [TR],7,30,,,,,,,,,,,,,,,,,,,,,,,,,,,,,,,,,,,,,,,,,,,,,,,,,,,,,,,,,,,,,,,,,,,,,,,,,,,,,2,-,-,5,C9,C5,A5,B7,C5,,,,,,,,,,,,,,,,7,,0,,,,,,,,,,,,,2,2,,G,G,,,,,,,,,,,,0,Eclipse,,0.63,0.00,0.00,0.63,
20230118,Iyatequa,"Estraiir [Empty Quarter, BL]",3,30,Y,,,,,,,,,,,,,,,,,,,,,,,,,,,,,,,,,,,,,,,,,,,,,,,,,,,,,,,,,,,,,,,,,,,,,,,,,,,,-,-,-,0,,,,,,,,,,,,,,,,,,,,,,,0,,,,,,,,,,,,,1,5,T,G''',T,T',T,,,,,,,,,,4,Eclipse,,0.00,0.50,0.00,0.50,
20230118,Iyatequa,Faaleas [BC],8,33,,,,,,,,,,,,,,,,,,,,,,,,,,,,,,,,,,,,,,,,,,,,,,,,,,,,,,,,,,,,,,,,,,,,,,,,,,,,,-,-,-,5,B8,B7,C6,B7,C8,,,,,,,,,,,,,,,,,,1,H,G,E,,,,,,,,,,1,4,,,T,,J,R''',T,T,,,,,,,3,Eclipse,,0.63,0.38,0.25,1.25,
20230118,Iyatequa,Inayat [BC],7,30,Y,,,,,,,,,,,,,,,,,,,,,,,,,,,,,,,,,,,,,,,,,,,,,,,,,,,,,,,,,,,,,,,,,,,,,,,,,,,,2,1,-,0,,,,,,,,,,,,,,,,,,,,,,,1,F,G,E,,,,,,,,,,3,5,G,G,R,J,R,R,,,,,,,,,0,Eclipse,,0.00,0.00,0.25,0.25,
20230118,Iyatequa,Jinvalla [BC],5,32,,,,,,,,,,,,,,,,,,,,,,,,,,,,,,,,,,,,,,,,,,,,,,,,,,,,,,,,,,,,,,,,,,,,,,,,,,,,,1,-,-,8,B4,A3,C6,A7,C7,C7,A4,B6,,,,,,,,,,,,,,,0,,,,,,,,,,,,,2,4,,,,G,R,G,,T',,,,,,,1,Eclipse,,1.00,0.13,0.00,1.13,
20230118,Iyatequa,Jishun [C],2,30,Y,,,,,,,,,,,,,,,,,,,,,,,,,,,,,,,,,,,,,,,,,,,,,,,,,,,,,,,,,,,,,,,,,,,,,,,,,,,,-,1,-,8,A1,A3,B1,A1,C2,C1,B4,B2,,,,,,,,,,,,,,,0,,,,,,,,,,,,,0,2,,,T,T,,,,,,,,,,,0,Eclipse,,1.00,0.00,0.00,1.00,
20231217,Iyatequa,Liusata [C],8,31,,,,,,,,,,,,,,,,,,,,,,,,,,,,,,,,,,,,,,,,,,,,,,,,,,,,,,,,,,,,,,,,,,,,,,,,,,7,-,,1,-,-,3,B8,A6,A7,,,,,,,,,,,,,,,,,,,,0,,,,,,,,,,,,,0,3,R',,R,T,,,,,,,,,,,1,Sheepy,,0.38,0.13,0.00,0.50,
20230118,Iyatequa,Naredra [BR],1,30,Y,,,,,,,,,,,,,,,,,,,,,,,,,,,,,,,,,,,,,,,,,,,,,,,,,,,,,,,,,,,,,,,,,,,,,,,,,,,,2,-,-,0,,,,,,,,,,,,,,,,,,,,,,,0,,,,,,,,,,,,,1,2,G,R',,,,,,,,,,,,,1,Eclipse,,0.00,0.13,0.00,0.13,
20231216,Iyatequa,"Niirea Paas [Cang.Drift, T]",8,30,,,,,,,,,,,,,,,,,,,,,,,,,,,,,,,,,,,,,,,,,,,,,,,,,,,,,,,,,,,,,,,,,,,,,,,,,,13,1,,1,-,-,0,,,,,,,,,,,,,,,,,,,,,,,0,,,,,,,,,,,,,0,4,R,T',,R,,T,,,,,,,,,1,Sheepy,,0.00,0.13,0.00,0.13,
20230118,Iyatequa,Saraal [TC],8,30,Y,,,,,,,,,,,,,,,,,,,,,,,,,,,,,,,,,,,,,,,,,,,,,,,,,,,,,,,,,,,,,,,,,,,,,,,,,,,,1,1,-,0,,,,,,,,,,,,,,,,,,,,,,,1,H,E,E,,,,,,,,,,1,6,T,R,R,R'',J,R,,R,,,,,,,2,Eclipse,,0.00,0.25,0.25,0.50,
20230118,Iyatequa,Talessur [CL],2,34,,,,,,,,,,,,,,,,,,,,,,,,,,,,,,,,,,,,,,,,,,,,,,,,,,,,,,,,,,,,,,,,,,,,,,,,,,,,,-,2,-,6,A2,C2,A4,A1,B1,B3,,,,,,,,,,,,,,1,,3,1,G,G,E,,,,,,,,,,1,0,J,,,,,,,,,,,,,,0,Eclipse,,0.75,0.00,0.25,1.00,
20230118,Iyatequa,Tela Diim [C],6,30,,,,,,,,,,,,,,,,,,,,,,,,,,,,,,,,,,,,,,,,,,,,,,,,,,,,,,,,,,,,,,,,,,,,,,,,,,,,,1,2,-,0,,,,,,,,,,,,,,,,,,,,,,,4,F,H,E,F,G,H,G,F,E,F,E,F,4,4,J',T,J',T,J,J,T,R'',,,,,,,4,Eclipse,,0.00,0.50,1.00,1.50,
20230118,Iyatequa,Tri Tussali [C],3,30,,,,,,,,,,,,,,,,,,,,,,,,,,,,,,,,,,,,,,,,,,,,,,,,,,,,,,,,,,,,,,,,,,,,,,,,,,,,,1,-,-,2,C1,B5,,,,,,,,,,,,,,,,,,,,,1,F,G,G,,,,,,,,,,1,3,,T'',R,R''''',,J,,,,,,,,,7,Eclipse,,0.25,0.88,0.25,1.38,
20230118,Iyatequa,Ulant Ti Saar [BL],4,33,,,,,,,,,,,,,,,,,,,,,,,,,,,,,,,,,,,,,,,,,,,,,,,,,,,,,,,,,,,,,,,,,,,,,,,,,,,,,2,-,-,5,B5,A2,A4,C4,A4,,,,,,,,,,,,,,,,,5,1,E,F,F,,,,,,,,,,1,3,J'''',,R,R',T',,,,,,,,,,6,Eclipse,,0.63,0.75,0.25,1.63,
20230118,Iyatequa,Veraatlan [BL],7,37,,,,,,,,,,,,,,,,,,,,,,,,,,,,,,,,,,,,,,,,,,,,,,,,,,,,,,,,,,,,,,,,,,,,,,,,,,,,,-,-,-,4,A6,A5,C5,C6,,,,,,,,,,,,,,,,,,"8,8",0,,,,,,,,,,,,,1,9,T,,,R,T,T,T,G',R',T,R,,,,2,Eclipse,,0.50,0.25,0.00,0.75,
20230118,Iyatequa,"Visaan Ki [Cang.Drift, B]",4,38,Y,,,,,,,,,,,,,,,,,,,,,,,,,,,,,,,,,,,,,,,,,,,,,,,,,,,,,,,,,,,,,,,,,,,,,,,,,13,1,,4,-,-,2,C3,A5,,,,,,,,,,,,,,,,,,,,"3,3",1,H,E,F,,,,,,,,,,2,4,T',,T'',R,G'',J',,,,,,,,,6,? / Eclipse,,0.25,0.75,0.25,1.25,
20230118,Iyatequa,Xaleraat [CL],3,31,Y,,,,,,,,,,,,,,,,,,,,,,,,,,,,,,,,,,,,,,,,,,,,,,,,,,,,,,,,,,,,,,,,,,,,,,,,,,,,-,1,-,19,A1,B2,B4,A1,B2,A5,A3,B2,C4,B5,B1,C4,A4,A5,B3,A4,C5,A2,C1,,,,2,F,H,E,G,F,E,,,,,,,4,5,,,R,G,,J,R,,,G,J,R,,,0,Eclipse,,1.00,0.00,0.50,1.50,
.,T 2,,,,,,,,,,,,,,,,,,,,,,,,,,,,,,,,,,,,,,,,,,,,,,,,,,,,,,,,,,,,,,,,,,,,,,,,,,,,,,,,,,,,,,,,,,,,,,,,,,,,,,,,,,,,,,,,,,,,,,,,,,,,,,,,,,,,,,,,,,,,,,
20230118,Cangacian,Bescava [BR],2,113,,,,,,,,,,,,,,,,,,,,,,,,,,,,,,,,,,,,,,,,,,,,,,,,,,,,,,,,,,,,,,,,,,,,,,,,,,,,,1,-,-,0,,,,,,,,,,,,,,,,,,,,,,,0,,,,,,,,,,,,,0,1,R,,,,,,,,,,,,,,0,Eclipse,,0.00,0.00,0.00,0.00,
20231219,Cangacian,"Cancava [East, T]",2,114,,,,,,,,,,,,,,,,,,,,,,,,,,,,,,,,,,,,,,,,,,,,,,,,,,,,,,,,,,,,,,,,,,,,,,,,,,,,,2,2,-,0,,,,,,,,,,,,,,,,,,,,,,,0,,,,,,,,,,,,,1,4,T'''',G'',R',T,,,,,,,,,,,7,Sheepy,,0.00,0.88,0.00,0.88,
20230118,Cangacian,Kaluari [TL],8,115,,,,,,,,,,,,,,,,,,,,,,,,,,,,,,,,,,,,,,,,,,,,,,,,,,,,,,,,,,,,,,,,,,,,,,,,,,,,,2,1,-,1,C9,,,,,,,,,,,,,,,,,,,,,,0,,,,,,,,,,,,,0,1,R,,,,,,,,,,,,,,0,Eclipse,,0.13,0.00,0.00,0.13,
20231219,Cangacian,"Larcava [East, C]",4,118,,,,,,,,,,,,,,,,,,,,,,,,,,,,,,,,,,,,,,,,,,,,,,,,,,,,,,,,,,,,,,,,,,,,,,,,,,,,,-,-,2,0,,,,,,,,,,,,,,,,,,,,,,,0,,,,,,,,,,,,,0,3,T',R,R,,,,,,,,,,,,1,Sheepy,,0.00,0.13,0.00,0.13,
20230118,Cangacian,Larinca [BL],2,113,,,,,,,,,,,,,,,,,,,,,,,,,,,,,,,,,,,,,,,,,,,,,,,,,,,,,,,,,,,,,,,,,,,,,,,,,,,,,2,-,1,0,,,,,,,,,,,,,,,,,,,,,,,0,,,,,,,,,,,,,1,3,T,T,G,,,,,,,,,,,,0,Eclipse,,0.00,0.00,0.00,0.00,
20231219,Cangacian,"Lura [East, T]",4,119,,,,,,,,,,,,,,,,,,,,,,,,,,,,,,,,,,,,,,,,,,,,,,,,,,,,,,,,,,,,,,,,,,,,,,,,,,,,,-,1,-,2,C5,C5,,,,,,,,,,,,,,,,,,,,,0,,,,,,,,,,,,,1,3,G',R,T,,,,,,,,,,,,1,Sheepy,,0.25,0.13,0.00,0.38,
20230118,Iyatequa,Bishaan Tel [C],2,110,Y,,,,,,,,,,,,,,,,,,,,,,,,,,,,,,,,,,,,,,,,,,,,,,,,,,,,,,,,,,,,,,,,,,,,,,,,,,,,2,-,-,3,C2,A3,A1,,,,,,,,,,,,,,,,,,4,,0,,,,,,,,,,,,,0,3,T''',,R,T,,,,,,,,,,,3,Eclipse,,0.38,0.38,0.00,0.75,
20231216,Iyatequa,"Keid [Cang.Drift, C]",5,110,,,,,,,,,,,,,,,,,,,,,,,,,,,,,,,,,,,,,,,,,,,,,,,,,,,,,,,,,,,,,,,,,,,,,,,,,,9,2,3,-,-,-,0,,,,,,,,,,,,,,,,,,,,,,,2,E,F,G,F,G,E,,,,,,,2,3,R,J',T,R,,J,,,,,,,,,1,Sheepy,,0.00,0.13,0.50,0.63,
20231217,Iyatequa,Kisho Re [TC],4,110,,,,,,,,,,,,,,,,,,,,,,,,,,,,,,,,,,,,,,,,,,,,,,,,,,,,,,,,,,,,,,,,,,,,,,,,,,22,3,2,2,1,-,1,C2,,,,,,,,,,,,,,,,,,,,,,1,E,F,E,,,,,,,,,,3,10,,T,T,J'''',R,T,G,,T,G,,T',R''',T,8,Sheepy,,0.13,1.00,0.25,1.38,
20231216,Iyatequa,"Marat Kan [Cang.Drift, T]",1,110,,,,,,,,,,,,,,,,,,,,,,,,,,,,,,,,,,,,,,,,,,,,,,,,,,,,,,,,,,,,,,,,,,,,,,,,,,14,-,-,1,-,-,4,A1,A2,B1,A2,,,,,,,,,,,,,,,,,,1,2,G,E,G,F,G,H,,,,,,,2,3,R'',J'''',J',,R,,,R',,,,,,,8,Sheepy,,0.50,1.00,0.50,2.00,
20230118,Iyatequa,Mituul [BC],3,110,,,,,,,,,,,,,,,,,,,,,,,,,,,,,,,,,,,,,,,,,,,,,,,,,,,,,,,,,,,,,,,,,,,,,,,,,,,,,2,-,1,1,B1,,,,,,,,,,,,,,,,,,,,,,0,,,,,,,,,,,,,1,3,T,,G,T,,,,,,,,,,,0,Eclipse,,0.13,0.00,0.00,0.13,
20230118,Iyatequa,Sobel Rem [TC],2,110,Y,,,,,,,,,,,,,,,,,,,,,,,,,,,,,,,,,,,,,,,,,,,,,,,,,,,,,,,,,,,,,,,,,,,,,,,,,22,1,2,2,-,-,3,C3,B3,C1,,,,,,,,,,,,,,,,,,,,0,,,,,,,,,,,,,1,9,R'',G,,T'',R,R,T',T,R,,T,,,,5,Sheepy,,0.38,0.63,0.00,1.00,
2024,Tanoch,Acatla [TL],8,112,,,,,,,,,,,,,,,,,,,,,,,,,,,,,,,,,,,,,,,,,,,,,,,,,,,,,,,,,,,,,,,,,,,,,,,,,,2,1,2,1,1,-,0,,,,,,,,,,,,,,,,,,,,,,,2,F,G,E,H,H,F,,,,,,,2,1,R,J,J'',,,,,,,,,,,,2,Sheepy,,0.00,0.25,0.50,0.75,
2024,Tanoch,"Acatlahu [Barried Stars, T]",5,110,,,,,,,,,,,,,,,,,,,,,,,,,,,,,,,,,,,,,,,,,,,,,,,,,,,,,,,,,,,,,,,,,,,,,,,,,,,,,-,-,-,0,,,,,,,,,,,,,,,,,,,,,,,0,,,,,,,,,,,,,0,5,T,T,T',T,T',,,,,,,,,,2,?,,0.00,0.25,0.00,0.25,
20240124,Tanoch,Cempoalc [BR],3,116,Y,,,,,,,,,,,,,,,,,,,,,,,,,,,,,,,,,,,,,,,,,,,,,,,,,,,,,,,,,,,,,,,,,,,,,,,,,,,,-,1,1,6,B1,C3,C5,C2,B1,B5,,,,,,,,,,,,,,,,,0,,,,,,,,,,,,,1,1,,G,,,,,,,,,,,,,0,Eclipse,Epic Box: Internal Code,0.75,0.00,0.00,0.75,
2024,Tanoch,Cempoalt [C],3,110,,,,,,,,,,,,,,,,,,,,,,,,,,,,,,,,,,,,,,,,,,,,,,,,,,,,,,,,,,,,,,,,,,,,,,,,,,,,,1,2,-,0,,,,,,,,,,,,,,,,,,,,,,,0,,,,,,,,,,,,,1,4,T,R',,,T,G'',,,,,,,,,3,?,,0.00,0.38,0.00,0.38,
20240124,Tanoch,Chiapa [TL],2,150,,,,,,,,,,,,,,,,,,,,,,,,,,,,,,,,,,,,,,,,,,,,,,,,,,,,,,,,,,,,,,,,,,,,,,,,,,1,-,-,1,-,-,8,B1,A3,A4,C3,C3,A1,B2,A3,,,,,,,,,,,,,,,1,F,F,H,,,,,,,,,,1,1,,,J,T,,,,,,,,,,,0,Eclipse,,1.00,0.00,0.25,1.25,
20240124,Tanoch,Chihuat [C],3,110,Y,,,,,,,,,,,,,,,,,,,,,,,,,,,,,,,,,,,,,,,,,,,,,,,,,,,,,,,,,,,,,,,,,,,,,,,,,,,,-,-,-,10,A3,A4,B4,A2,B2,A2,B2,A4,A4,C1,,,,,,,,,,2,,4,2,H,F,G,H,E,H,,,,,,,4,3,,,J,G'',J,G,,T,,,,,,,2,Eclipse,,1.00,0.25,0.50,1.75,
20240124,Tanoch,Chuua [BR],7,111,,,,,,,,,,,,,,,,,,,,,,,,,,,,,,,,,,,,,,,,,,,,,,,,,,,,,,,,,,,,,,,,,,,,,,,,,,,,,-,-,-,4,B8,A6,B9,B6,,,,,,,,,,,,,,,,7,,,2,E,E,F,E,F,G,,,,,,,3,7,T''',,J'',J',R,T,T,R,G,T,,,,,6,Eclipse,,0.50,0.75,0.50,1.75,
20241024,Tanoch,"Coixl [BC][Golden Stars, C]",1,118,,,,,,,,,,,,,,,,,,,,,,,,,,,,,,,,,,,,,,,,,,,,,,,,,,,,,,,,,,,,,,,,,,,,,,,,,,,,,-,1,-,5,A2,B1,A2,B3,B1,,,,,,,,,,,,,,,3,,,3,G,H,G,H,F,G,G,H,E,,,,5,7,J,,J',T',J',T,R,G,T,G,T',,,,4,Eclipse,,0.63,0.50,0.75,1.88,
20241024,Tanoch,Cuernava [C],7,110,,,,,,,,,,,,,,,,,,,,,,,,,,,,,,,,,,,,,,,,,,,,,,,,,,,,,,,,,,,,,,,,,,,,,,,,,,,,,3,-,-,5,C8,B5,B9,C6,A5,,,,,,,,,,,,,,,,5,,1,E,H,G,,,,,,,,,,2,2,T,,,G,,,,J,,,,,,,0,Eclipse,,0.63,0.00,0.25,0.88,
20241024,Tanoch,"Cuilco [Centeotl, T]",2,117,,,,,,,,,,,,,,,,,,,,,,,,,,,,,,,,,,,,,,,,,,,,,,,,,,,,,,,,,,,,,,,,,,,,,,,,,,2,-,-,2,-,-,5,B4,B1,A4,C2,C2,,,,,,,,,,,,,,,,,,2,E,F,E,F,G,F,,,,,,,3,6,J',,R,R,R',G,,J',R',T,,,,,4,"Uruk: 4 Epic (2 Higaran Distress Call, 1 Cangacian and 1 Iyatequa distress call), 1 Rare Tanoch Distress call",,0.63,0.50,0.50,1.63,
20241024,Tanoch,Ixtlan [C],2,114,Y,,,,,,,,,,,,,,,,,,,,,,,,,,,,,,,,,,,,,,,,,,,,,,,,,,,,,,,,,,,,,,,,,,,,,,,,,,,,-,-,-,0,,,,,,,,,,,,,,,,,,,,,,,1,G,F,G,,,,,,,,,,1,1,,T,J,,,,,,,,,,,,0,Eclipse,,0.00,0.00,0.25,0.25,
20241024,Tanoch,Malinalc [TL],3,110,,,,,,,,,,,,,,,,,,,,,,,,,,,,,,,,,,,,,,,,,,,,,,,,,,,,,,,,,,,,,,,,,,,,,,,,,,,,,-,3,-,7,C5,A2,C4,C1,A5,A1,C2,,,,,,,,,,,,,,,,0,,,,,,,,,,,,,1,5,T,G,R,,,,,,,T,T'''',,,,4,Eclipse,,0.88,0.50,0.00,1.38,
20241024,Tanoch,Oaxtepex [TC],4,112,,,,,,,,,,,,,,,,,,,,,,,,,,,,,,,,,,,,,,,,,,,,,,,,,,,,,,,,,,,,,,,,,,,,,,,,,,,,,1,1,-,5,C6,A6,C3,B6,B2,,,,,,,,,,,,,,,,,,0,,,,,,,,,,,,,1,2,,T,G'',,,,,,,,,,,,2,Eclipse,,0.63,0.25,0.00,0.88,
20241024,Tanoch,Ocuitepe [C],4,120,,,,,,,,,,,,,,,,,,,,,,,,,,,,,,,,,,,,,,,,,,,,,,,,,,,,,,,,,,,,,,,,,,,,,,,,,,,,,2,-,-,0,,,,,,,,,,,,,,,,,,,,,,,1,F,G,G,,,,,,,,,,1,8,R,T',J'',R,R,T,T,R''',T,,,,,,6,Eclipse,,0.00,0.75,0.25,1.00,
20241024,Tanoch,Tanochetlan [BR],2,110,Y,,,,,,,,,,,,,,,,,,,,,,,,,,,,,,,,,,,,,,,,,,,,,,,,,,,,,,,,,,,,,,,,,,,,,,,,,,,,1,-,-,4,C3,C4,A2,C2,,,,,,,,,,,,,,,,"1,3",,,1,G,G,E,,,,,,,,,,3,7,J,T',G',T,R''',,G',T',T,,,,,,7,Eclipse,,0.50,0.88,0.25,1.63,
2024,Tanoch,Tecoacui [BC],8,115,Y,,,,,,,,,,,,,,,,,,,,,,,,,,,,,,,,,,,,,,,,,,,,,,,,,,,,,,,,,,,,,,,,,,,,,,,,,,,,1,-,-,0,,,,,,,,,,,,,,,,,,,,,,,0,,,,,,,,,,,,,0,1,R,,,,,,,,,,,,,,0,"Uruk - 2 Epic Distress call (Higaran and Tanoc), 1 Epic Cang mining, 2 Rare Cang mining",,0.00,0.00,0.00,0.00,
20241024,Tanoch,Tecoalte [BL],1,110,,,,,,,,,,,,,,,,,,,,,,,,,,,,,,,,,,,,,,,,,,,,,,,,,,,,,,,,,,,,,,,,,,,,,,,,,,,,,3,1,-,0,,,,,,,,,,,,,,,,,,,,,,,3,G,F,G,F,E,F,F,E,F,,,,3,8,J',R,R,J,T,J,T,T,R',R,T,,,,2,Eclipse,,0.00,0.25,0.75,1.00,
20241024,Tanoch,Tecpan [TC],1,110,,,,,,,,,,,,,,,,,,,,,,,,,,,,,,,,,,,,,,,,,,,,,,,,,,,,,,,,,,,,,,,,,,,,,,,,,,,,,2,-,-,4,B3,B1,B1,C1,,,,,,,,,,,,,,,,,"1,3",,1,E,E,F,,,,,,,,,,3,3,T,G,G,,J,,,,,,,,,,0,Eclipse,,0.50,0.00,0.25,0.75,
2024,Tanoch,Telapente [BR],8,118,Y,,,,,,,,,,,,,,,,,,,,,,,,,,,,,,,,,,,,,,,,,,,,,,,,,,,,,,,,,,,,,,,,,,,,,,,,,,,,2,1,-,0,,,,,,,,,,,,,,,,,,,,,,,0,,,,,,,,,,,,,0,2,R'',T,,,,,,,,,,,,,2,?,,0.00,0.25,0.00,0.25,
20231221,Tanoch,Teozacoz [TL],2,111,,,,,,,,,,,,,,,,,,,,,,,,,,,,,,,,,,,,,,,,,,,,,,,,,,,,,,,,,,,,,,,,,,,,,,,,,,,,,2,-,-,1,A1,,,,,,,,,,,,,,,,,,,,,,0,,,,,,,,,,,,,0,2,T',,,T,,,,,,,,,,,1,"Sheepy 7 Sigs - 1 Rare Iyat Dist, 1 Rare Tano Dist",,0.13,0.13,0.00,0.25,
20241024,Tanoch,Teozauhq [BC],5,118,Y,,,,,,,,,,,,,,,,,,,,,,,,,,,,,,,,,,,,,,,,,,,,,,,,,,,,,,,,,,,,,,,,,,,,,,,,,,,,1,-,-,0,,,,,,,,,,,,,,,,,,,,,,,1,H,F,G,,,,,,,,,,1,2,J,R',R,,,,,,,,,,,,1,Eclipse,,0.00,0.13,0.25,0.38,
2024,Tanoch,"Tepec [TL][Inner Empire, TC]",6,116,Y,,,,,,,,,,,,,,,,,,,,,,,,,,,,,,,,,,,,,,,,,,,,,,,,,,,,,,,,,,,,,,,,,,,,,,,,,,,,1,-,-,0,,,,,,,,,,,,,,,,,,,,,,,0,,,,,,,,,,,,,2,5,G,T'',T,R',G',,,,,,,,,,4,Eclipse,,0.00,0.50,0.00,0.50,
2024,Tanoch,Tepecoal [C],1,119,Y,,,,,,,,,,,,,,,,,,,,,,,,,,,,,,,,,,,,,,,,,,,,,,,,,,,,,,,,,,,,,,,,,,,,,,,,,,,,2,-,-,0,,,,,,,,,,,,,,,,,,,,,,,0,,,,,,,,,,,,,1,1,,G,,,,,,,,,,,,,0,Eclipse,,0.00,0.00,0.00,0.00,
20231222,Tanoch,Tetelad [BR],1,112,,,,,,,,,,,,,,,,,,,,,,,,,,,,,,,,,,,,,,,,,,,,,,,,,,,,,,,,,,,,,,,,,,,,,,,,,,,,,2,-,-,4,C3,A2,A1,C2,,,,,,,,,,,,,,,,2,3,,1,G,H,E,,,,,,,,,,2,4,T,T,,J,G,T'',,,,,,,,,2,"Sheepy 14 Sigs + Boxes - Epic Tano Sig Delta 1, Epic Prog Sig Beta 1, Epic Yaot Sig Beta 2",,0.50,0.25,0.25,1.00,
2024,Tanoch,Tixpan [C],5,113,,,,,,,,,,,,,,,,,,,,,,,,,,,,,,,,,,,,,,,,,,,,,,,,,,,,,,,,,,,,,,,,,,,,,,,,,,,,,2,-,-,0,,,,,,,,,,,,,,,,,,,,,,,0,,,,,,,,,,,,,0,2,T,,R,,,,,,,,,,,,0,?,,0.00,0.00,0.00,0.00,
20241024,Tanoch,Tlacozau [BR],7,110,,,,,,,,,,,,,,,,,,,,,,,,,,,,,,,,,,,,,,,,,,,,,,,,,,,,,,,,,,,,,,,,,,,,,,,,,,,,,-,-,1,1,B8,,,,,,,,,,,,,,,,,,,,5,,0,,,,,,,,,,,,,1,3,,G',R''',R,,,,,,,,,,,4,Eclipse,,0.13,0.50,0.00,0.63,
20241024,Tanoch,Tlapan [BR],7,110,,,,,,,,,,,,,,,,,,,,,,,,,,,,,,,,,,,,,,,,,,,,,,,,,,,,,,,,,,,,,,,,,,,,,,,,,,,,,1,1,1,2,B8,A7,,,,,,,,,,,,,,,,,,"6,7",,,0,,,,,,,,,,,,,0,4,T,T,R,,R,,,,,,,,,,0,Eclipse,,0.25,0.00,0.00,0.25,
20241024,Tanoch,Tlatlan [I],7,113,,,,,,,,,,,,,,,,,,,,,,,,,,,,,,,,,,,,,,,,,,,,,,,,,,,,,,,,,,,,,,,,,,,,,,,,,,,,,1,1,1,4,A9,C7,B7,A8,,,,,,,,,,,,,,,,,"6,8",,1,E,E,E,,,,,,,,,,3,7,G,R''',,R,R,G,,T,J'',R,,,,,5,Eclipse,Epic Box: Internal Code,0.50,0.63,0.25,1.38,
20241024,Tanoch,"Tochteop [TL][Centeotl, TR]",8,110,,,,,,,,,,,,,,,,,,,,,,,,,,,,,,,,,,,,,,,,,,,,,,,,,,,,,,,,,,,,,,,,,,,,,,,,,,18,6,3,2,-,-,2,C6,B6,,,,,,,,,,,,,,,,,,,,,2,H,E,E,G,G,E,,,,,,,4,8,G'',,J',R,R,T',T,J,R',T,G',,,,6,Eclipse,,0.25,0.75,0.50,1.50,
20241024,Tanoch,Tochtepe [BC],5,110,Y,,,,,,,,,,,,,,,,,,,,,,,,,,,,,,,,,,,,,,,,,,,,,,,,,,,,,,,,,,,,,,,,,,,,,,,,,,,,1,-,-,0,,,,,,,,,,,,,,,,,,,,,6,8,2,H,E,H,H,H,E,,,,,,,5,4,T''',G,,G'''',R,T'',G''''',,,,,,,,14,Eclipse,,0.00,1.00,0.50,1.50,
20241024,Tanoch,Tuxpante [TL],4,110,Y,,,,,,,,,,,,,,,,,,,,,,,,,,,,,,,,,,,,,,,,,,,,,,,,,,,,,,,,,,,,,,,,,,,,,,,,,,,,-,-,-,3,C2,A3,A4,,,,,,,,,,,,,,,,,,4,4,3,G,E,H,F,H,H,G,F,F,,,,3,0,J,J,,J'''',,,,,,,,,,,4,Eclipse,,0.38,0.50,0.75,1.63,
20231222,Tanoch,Xala [C],1,117,,,,,,,,,,,,,,,,,,,,,,,,,,,,,,,,,,,,,,,,,,,,,,,,,,,,,,,,,,,,,,,,,,,,,,,,,,,,,2,-,1,6,A3,A2,A3,C1,A1,C2,,,,,,,,,,,,,,,,1,1,E,H,F,,,,,,,,,,3,7,J,,,T,G',,R,G,T',R,R,,,,2,"Sheepy 24 Sigs + Box - Epic Prog Sig Beta 1, Epic Prog Sig Epsilon 1, Epic Tano Sig Beta 3, Rare Iyat Dist Gamma 2",,0.75,0.25,0.25,1.25,
2024,Tanoch,Xalapan [BR],6,110,Y,,,,,,,,,,,,,,,,,,,,,,,,,,,,,,,,,,,,,,,,,,,,,,,,,,,,,,,,,,,,,,,,,,,,,,,,,,,,1,-,1,0,,,,,,,,,,,,,,,,,,,,,,,0,,,,,,,,,,,,,0,2,R',R,,,,,,,,,,,,,1,?,,0.00,0.13,0.00,0.13,
20241024,Tanoch,Xilotepe [TL],5,111,Y,,,,,,,,,,,,,,,,,,,,,,,,,,,,,,,,,,,,,,,,,,,,,,,,,,,,,,,,,,,,,,,,,,,,,,,,,,,,2,2,-,3,A3,A5,A7,,,,,,,,,,,,,,,,,7,,5,1,F,E,G,,,,,,,,,,2,3,T,G,J',,T,,,,,,,,,,1,Eclipse,,0.38,0.13,0.25,0.75,
20241024,Tanoch,Xocotila [CL],3,110,Y,,,,,,,,,,,,,,,,,,,,,,,,,,,,,,,,,,,,,,,,,,,,,,,,,,,,,,,,,,,,,,,,,,,,,,,,,,,,1,1,-,2,B3,B4,,,,,,,,,,,,,,,,,,,,,0,,,,,,,,,,,,,0,6,R,,,T',R',,,R',R'',T,,,,,5,Eclipse,,0.25,0.63,0.00,0.88,
20241024,Tanoch,Yoalco [C],5,113,,,,,,,,,,,,,,,,,,,,,,,,,,,,,,,,,,,,,,,,,,,,,,,,,,,,,,,,,,,,,,,,,,,,,,,,,,,,,2,-,-,0,,,,,,,,,,,,,,,,,,,,,,,2,H,H,E,H,G,E,,,,,,,2,3,T,J'',T',T,J,,,,,,,,,,3,Eclipse,,0.00,0.38,0.50,0.88,
20241024,Tanoch,Zempoalt [TL],8,120,,,,,,,,,,,,,,,,,,,,,,,,,,,,,,,,,,,,,,,,,,,,,,,,,,,,,,,,,,,,,,,,,,,,,,,,,,13,-,4,2,-,-,0,,,,,,,,,,,,,,,,,,,,,,,2,F,E,H,H,F,E,,,,,,,2,4,R,T'',J,,T',T,J,,,,,,,,3,Eclipse,,0.00,0.38,0.50,0.88,
2024,Tanoch,Zempoala [C],8,115,,,,,,,,,,,,,,,,,,,,,,,,,,,,,,,,,,,,,,,,,,,,,,,,,,,,,,,,,,,,,,,,,,,,,,,,,,,,,-,-,-,0,,,,,,,,,,,,,,,,,,,,,,,0,,,,,,,,,,,,,1,6,T,T,G''',,T,R''',R,,,,,,,,6,?,,0.00,0.75,0.00,0.75,
.,T 3,,,,,,,,,,,,,,,,,,,,,,,,,,,,,,,,,,,,,,,,,,,,,,,,,,,,,,,,,,,,,,,,,,,,,,,,,,,,,,,,,,,,,,,,,,,,,,,,,,,,,,,,,,,,,,,,,,,,,,,,,,,,,,,,,,,,,,,,,,,,,,
2024,Iyatequa,"Akalasaya [CR][Empty Quarter, TR]",6,212,,,,,,,,,,,,,,,,,,,,,,,,,,,,,,,,,,,,,,,,,,,,,,,,,,,,,,,,,,,,,,,,,,,,,,,,,,,,,1,-,-,2,A5,B7,,,,,,,,,,,,,,,,,,6,,,0,,,,,,,,,,,,,2,7,T,,G',,R,R,T,,G,T,,,,,1,"Rikkami  18 Sigs - 1 Epic Cang Signal, 1 Epic Mining, 2 Rare Hig Distr",,0.25,0.13,0.00,0.38,
2024,Iyatequa,Briuun [BR],4,210,Y,,,,,,,,,,,,,,,,,,,,,,,,,,,,,,,,,,,,,,,,,,,,,,,,,,,,,,,,,,,,,,,,,,,,,,,,,,,,2,-,-,5,A6,C8,B9,A7,B7,,,,,,,,,,,,,,,,,,1,E,G,E,,,,,,,,,,1,1,J,,,R',,,,,,,,,,,1,"Rikkami  7 Sigs - 1 Epic Mining, 1 Rare Mining",,0.63,0.13,0.25,1.00,
2024,Iyatequa,Kantalasa [BR],4,211,,,,,,,,,,,,,,,,,,,,,,,,,,,,,,,,,,,,,,,,,,,,,,,,,,,,,,,,,,,,,,,,,,,,,,,,,,,,,-,1,-,3,C5,C2,A2,,,,,,,,,,,,,,,,,,,,1,E,G,G,,,,,,,,,,2,4,R'',R',T,J,G'',,,,,,,,,,5,"Rikkami  14 Sigs - 1 Epic Mining, 1 Epic Iyat Distr, 1 Epic Prog Signal, 1 Rare Mining, 1 Trader",,0.38,0.63,0.25,1.25,
2024,Iyatequa,"Nagaterada [BR][Empty Quarter, R]",4,214,Y,,,,,,,,,,,,,,,,,,,,,,,,,,,,,,,,,,,,,,,,,,,,,,,,,,,,,,,,,,,,,,,,,,,,,,,,,,,,1,-,-,1,A3,,,,,,,,,,,,,,,,,,,,,,0,,,,,,,,,,,,,0,2,T'',T'',,,,,,,,,,,,,4,Rikkami  7 Sigs - 1 Epic Cang Signal,,0.13,0.50,0.00,0.63,
2024,Iyatequa,Vaal [BR],7,210,,,,,,,,,,,,,,,,,,,,,,,,,,,,,,,,,,,,,,,,,,,,,,,,,,,,,,,,,,,,,,,,,,,,,,,,,,,,,1,-,-,3,A6,A5,A8,,,,,,,,,,,,,,,,,5,,,1,H,E,E,,,,,,,,,,2,4,J,G,,T'',T,,T,,,,,,,,2,Rikkami  14 Sigs - 2 Rare Mining,,0.38,0.25,0.25,0.88,
2024,Iyatequa,Zaatas [BR],4,210,Y,,,,,,,,,,,,,,,,,,,,,,,,,,,,,,,,,,,,,,,,,,,,,,,,,,,,,,,,,,,,,,,,,,,,,,,,,,,,1,1,-,1,A3,,,,,,,,,,,,,,,,,,,,4,2,1,E,G,E,,,,,,,,,,1,4,,T,R,R,,F',,J',,,,,,,2,"Rikkami  14 Sigs - 2 Rare Iyat Distr, 1 Rare Mining",,0.13,0.25,0.25,0.63,
20231221,Tanoch,Axocotil [TL],5,210,,,,,,,,,,,,,,,,,,,,,,,,,,,,,,,,,,,,,,,,,,,,,,,,,,,,,,,,,,,,,,,,,,,,,,,,,,,,,1,-,-,4,A4,A4,A7,A4,,,,,,,,,,,,,,,,3,,,2,E,G,H,E,E,G,,,,,,,2,4,T,J,,R',,J',R,R,,,,,,,2,"Rikkami  17 Sigs - 2 Rare Tanoch Distr, Rare Iyat Dist Beta 3",,0.50,0.25,0.50,1.25,
20231221,Tanoch,Ayotla [I],7,210,,,,,,,,,,,,,,,,,,,,,,,,,,,,,,,,,,,,,,,,,,,,,,,,,,,,,,,,,,,,,,,,,,,,,,,,,,,,,3,-,-,0,,,,,,,,,,,,,,,,,,,,,,,1,G,F,G,,,,,,,,,,2,6,,R,J,R,,T,T',G'',T,,,,,,3,"Rikkami  17 Sigs - Rare Cang Mine 6, Rare Iyat Dist Gamma 8",,0.00,0.38,0.25,0.63,
2024,Tanoch,Cuilan [BR],2,210,Y,,,,,,,,,,,,,,,,,,,,,,,,,,,,,,,,,,,,,,,,,,,,,,,,,,,,,,,,,,,,,,,,,,,,,,,,,,,,1,-,-,0,,,,,,,,,,,,,,,,,,,,,,,0,,,,,,,,,,,,,1,5,T,T,R,R,,G,,,,,,,,,0,Rikkami  14 Sigs - 1 Rare Mining,,0.00,0.00,0.00,0.00,
20231221,Tanoch,Ixtepec [TL],8,210,,,,,,,,,,,,,,,,,,,,,,,,,,,,,,,,,,,,,,,,,,,,,,,,,,,,,,,,,,,,,,,,,,,,,,,,,,,,,2,-,-,1,B8,,,,,,,,,,,,,,,,,,,,,8,1,F,G,H,,,,,,,,,,2,6,T',,,,G,R',J,T,T,R'',,,,,4,"Rikkami  15 to 16 Sigs + Box - Rare Iyat Dist Beta 7, Rare Iyat Dist Gamma 7, Rare Tano Dist Gamma 9, Rare Tanoch Distr",,0.13,0.50,0.25,0.88,
2024,Tanoch,"Misantep [TC][Centeotl, R]",5,210,Y,,,,,,,,,,,,,,,,,,,,,,,,,,,,,,,,,,,,,,,,,,,,,,,,,,,,,,,,,,,,,,,,,,,,,,,,,,,,-,-,1,0,,,,,,,,,,,,,,,,,,,,,,,0,,,,,,,,,,,,,0,4,T',R'',T,R,,,,,,,,,,,3,"Rikkami  14 Sigs - 1 Rare Iyat Distr, 1 Rare Mining",,0.00,0.38,0.00,0.38,
2024,Tanoch,"Sijin [CR][Barrier Stars, TC]",7,210,,,,,,,,,,,,,,,,,,,,,,,,,,,,,,,,,,,,,,,,,,,,,,,,,,,,,,,,,,,,,,,,,,,,,,,,,,,,,3,-,-,6,B6,A6,B5,A5,C7,A6,,,,,,,,,,,,,,,"7,8",,1,E,G,H,,,,,,,,,,4,10,,J',,T',,T,G,T,T''',G',G,T,R,R'',8,"Rikkami  27 Sigs - 1 Epic Mining, 2 Rare Hig Distr, 1 Rare Iyat Distr, 1 Rare Tanoch Distr, 1 Rare Mining, 2 Trader",,0.75,1.00,0.25,2.00,Crystals/RE/Gas
2024,Tanoch,Teozaan [BR],5,210,,,,,,,,,,,,,,,,,,,,,,,,,,,,,,,,,,,,,,,,,,,,,,,,,,,,,,,,,,,,,,,,,,,,,,,,,,,,,1,-,-,5,A4,A7,B4,C3,A5,,,,,,,,,,,,,,,7,6,,0,,,,,,,,,,,,,0,4,T'',T,T,,,T',,,,,,,,,3,Rikkami  14 Sigs - 1 Epic Mining,,0.63,0.38,0.00,1.00,
2024,Tanoch,Tepecoma [CR],6,210,Y,,,,,,,,,,,,,,,,,,,,,,,,,,,,,,,,,,,,,,,,,,,,,,,,,,,,,,,,,,,,,,,,,,,,,,,,,,,,2,1,-,0,,,,,,,,,,,,,,,,,,,,,,,0,,,,,,,,,,,,,1,11,T,R',R,T,T',R',G,T,R,R,T,,,,3,"Rikkami  29 Sigs - 1 Epic Mining, 1 Rare Iyat Distr",,0.00,0.38,0.00,0.38,
20231222,Yaot,Charatl [CL],2,250,,,,,,,,,,,,,,,,,,,,,,,,,,,,,,,,,,,,,,,,,,,,,,,,,,,,,,,,,,,,,,,,,,,,,,,,,,,,,1,2,-,1,B3,,,,,,,,,,,,,,,,,,,1,,2,0,,,,,,,,,,,,,2,4,G,,R'',G,T,,,,,,,,,,2,"Sheepy 17 Sigs + Boxes - Rare Hiig Dist Alpha 1, Rare Yaot Dist 3",,0.13,0.25,0.00,0.38,
2024,Yaot,"Chocata [Yaotl Surha, L]",6,218,,,,,,,,,,,,,,,,,,,,,,,,,,,,,,,,,,,,,,,,,,,,,,,,,,,,,,,,,,,,,,,,,,,,,,,,,,,,,1,-,-,0,,,,,,,,,,,,,,,,,,,,,,,3,F,G,G,E,G,F,H,E,E,,,,6,4,R,G,J,G''',J,,J''',G,,,,,,,6,Eclipse,,0.00,0.75,0.75,1.50,
2024,Yaot,Oica [BL],4,215,Y,,,,,,,,,,,,,,,,,,,,,,,,,,,,,,,,,,,,,,,,,,,,,,,,,,,,,,,,,,,,,,,,,,,,,,,,,,,,-,-,-,11,C4,A2,B5,C2,C2,B4,A3,B6,B6,B6,C3,,,,,,,,,,,,1,H,F,F,,,,,,,,,,1,0,,,,J,,,,,,,,,,,0,Eclipse,,1.00,0.00,0.25,1.25,
2024,Yaot,Paipaga [TC],6,216,,,,,,,,,,,,,,,,,,,,,,,,,,,,,,,,,,,,,,,,,,,,,,,,,,,,,,,,,,,,,,,,,,,,,,,,,,,,,1,-,-,0,,,,,,,,,,,,,,,,,,,,,,,0,,,,,,,,,,,,,1,4,G,R',T,T,,,,,,,,,,,1,Eclipse,,0.00,0.13,0.00,0.13,
20240119,Yaot,Rama [BR],3,214,,,,,,,,,,,,,,,,,,,,,,,,,,,,,,,,,,,,,,,,,,,,,,,,,,,,,,,,,,,,,,,,,,,,,,,,,,,,,3,-,-,3,B3,A3,B5,,,,,,,,,,,,,,,,,,4,,2,G,G,E,G,H,F,,,,,,,2,4,R',R,T,J',J',T,,,,,,,,,3,Eclipse,,0.38,0.38,0.50,1.25,
20231221,Yaot,"Saami Ra [Second Exp., TL]",3,210,Y,,,,,,,,,,,,,,,,,,,,,,,,,,,,,,,,,,,,,,,,,,,,,,,,,,,,,,,,,,,,,,,,,,,,,,,,,,,,-,1,1,0,,,,,,,,,,,,,,,,,,,,,,,0,,,,,,,,,,,,,0,6,T,R,R,R,,R,T,,,,,,,,0,Sheepy 17 Sigs + Boxes - No epic or rare sig,,0.00,0.00,0.00,0.00,
20240119,Yaot,"Sabio [Yaotl-Surha, B]",4,213,,,,,,,,,,,,,,,,,,,,,,,,,,,,,,,,,,,,,,,,,,,,,,,,,,,,,,,,,,,,,,,,,,,,,,,,,,,,,2,1,-,0,,,,,,,,,,,,,,,,,,,,,,,2,G,E,G,F,F,E,,,,,,,2,6,T,J,T',J,R,R,T',T'',,,,,,,4,Eclipse,,0.00,0.50,0.50,1.00,
20231221,Yaot,"Samacon [Second Exp., BL]",2,211,,,,,,,,,,,,,,,,,,,,,,,,,,,,,,,,,,,,,,,,,,,,,,,,,,,,,,,,,,,,,,,,,,,,,,,,,,,,,2,-,-,8,A3,C4,A2,A3,C3,C1,A4,B2,,,,,,,,,,,,,"2,3",,1,H,G,F,,,,,,,,,,3,6,,,T,G',J,,,T,R',T,G,,,,2,"Sheepy 16 Sigs + Boxes - Epic Prog Act Alpha 4, Epic Cang Sig 3, no Rare",,1.00,0.25,0.25,1.50,
20240118,Yaot,"Subaca [Finger, T]",1,210,Y,,,,,,,,,,,,,,,,,,,,,,,,,,,,,,,,,,,,,,,,,,,,,,,,,,,,,,,,,,,,,,,,,,,,,,,,,,,,1,1,-,0,,,,,,,,,,,,,,,,,,,,,,,2,E,F,G,H,H,F,,,,,,,2,5,T,J,T''',,R,J,T,T,,,,,,,3,Eclipse,,0.00,0.38,0.50,0.88,
20240118,Yaot,Subacuy [CT],1,214,,,,,,,,,,,,,,,,,,,,,,,,,,,,,,,,,,,,,,,,,,,,,,,,,,,,,,,,,,,,,,,,,,,,,,,,,,,,,2,-,2,0,,,,,,,,,,,,,,,,,,,,,,,2,E,E,E,H,F,G,,,,,,,4,6,J''',J,G,T,,R,,R,T',G,,,,,4,Eclipse,,0.00,0.50,0.50,1.00,
20231222,Yaot,"Tenjaca [Second Exp., C]",2,213,Y,,,,,,,,,,,,,,,,,,,,,,,,,,,,,,,,,,,,,,,,,,,,,,,,,,,,,,,,,,,,,,,,,,,,,,,,,,,,-,-,-,6,A2,A4,C2,C1,B3,C3,,,,,,,,,,,,,,,,4,1,G,H,E,,,,,,,,,,2,7,T,T,J',T,G''''',,T,,R,T,,,,,6,"Sheepy 24 Sigs - Epic Prog Act Gamma 2, Epic Iyat Dist Epsilon 4, Epic Prog Act Alpha 4, Rare Iyat Dist Eta 4",,0.75,0.75,0.25,1.75,
2024,Yaot,Teuascate [CL],2,219,,,,,,,,,,,,,,,,,,,,,,,,,,,,,,,,,,,,,,,,,,,,,,,,,,,,,,,,,,,,,,,,,,,,,,,,,,,,,1,1,1,0,,,,,,,,,,,,,,,,,,,,,,,0,,,,,,,,,,,,,1,3,G,R'',T'',,,,,,,,,,,,4,?,,0.00,0.50,0.00,0.50,
2024,Yaot,Teuasia [TR],1,210,,,,,,,,,,,,,,,,,,,,,,,,,,,,,,,,,,,,,,,,,,,,,,,,,,,,,,,,,,,,,,,,,,,,,,,,,,,,,1,1,1,4,A1,A2,B1,C3,,,,,,,,,,,,,,,,1,,,0,,,,,,,,,,,,,1,2,,G,,T,,,,,,,,,,,0,?,,0.50,0.00,0.00,0.50,
2024,Yaot,Tiba [BC],1,210,Y,,,,,,,,,,,,,,,,,,,,,,,,,,,,,,,,,,,,,,,,,,,,,,,,,,,,,,,,,,,,,,,,,,,,,,,,,,,,-,-,-,0,,,,,,,,,,,,,,,,,,,,,,,0,,,,,,,,,,,,,0,4,,T,T,T'''',T',,,,,,,,,,5,?,,0.00,0.63,0.00,0.63,
20231221,Yaot,"Tibata [Second Exp., L]",1,210,,,,,,,,,,,,,,,,,,,,,,,,,,,,,,,,,,,,,,,,,,,,,,,,,,,,,,,,,,,,,,,,,,,,,,,,,,,,,1,1,-,5,C1,B3,B1,B3,C2,,,,,,,,,,,,,,,,,,1,F,G,E,,,,,,,,,,1,5,T'',,,T'',T,R,,J'',R,,,,,,6,Sheepy 17 Sigs + Boxes - No epic or rare sig,,0.63,0.75,0.25,1.63,
20240119,Yaot,"Tinjo [Finger, C]",3,210,,,,,,,,,,,,,,,,,,,,,,,,,,,,,,,,,,,,,,,,,,,,,,,,,,,,,,,,,,,,,,,,,,,,,,,,,,,,,1,1,-,0,,,,,,,,,,,,,,,,,,,,,,,1,G,F,E,,,,,,,,,,2,3,,J,G,T',T,,,,,,,,,,1,Eclipse,,0.00,0.13,0.25,0.38,
2024,Yaot,Tocata [TR],7,218,,,,,,,,,,,,,,,,,,,,,,,,,,,,,,,,,,,,,,,,,,,,,,,,,,,,,,,,,,,,,,,,,,,,,,,,,,,,,2,-,-,4,B6,A8,C8,C5,,,,,,,,,,,,,,,,,8,,0,,,,,,,,,,,,,0,2,T,,R',,,,,,,,,,,,1,Eclipse,,0.50,0.13,0.00,0.63,
2024,Yaot,"Tocon [Finger, B]",2,210,Y,,,,,,,,,,,,,,,,,,,,,,,,,,,,,,,,,,,,,,,,,,,,,,,,,,,,,,,,,,,,,,,,,,,,,,,,,,,,1,1,-,0,,,,,,,,,,,,,,,,,,,,,,,0,,,,,,,,,,,,,0,2,,T,,R',,,,,,,,,,,1,Eclipse,,0.00,0.13,0.00,0.13,
20240119,Yaot,Topa [BR],2,215,,,,,,,,,,,,,,,,,,,,,,,,,,,,,,,,,,,,,,,,,,,,,,,,,,,,,,,,,,,,,,,,,,,,,,,,,,,,,2,-,-,1,A2,,,,,,,,,,,,,,,,,,,,3,4,0,,,,,,,,,,,,,3,6,G',,T,R,T',G,G',,,,,,,,3,Eclipse,,0.13,0.38,0.00,0.50,
20231221,Yaot,"Topaconta [Second Exp., T]",1,216,,,,,,,,,,,,,,,,,,,,,,,,,,,,,,,,,,,,,,,,,,,,,,,,,,,,,,,,,,,,,,,,,,,,,,,,,,,,,1,1,-,2,B1,A3,,,,,,,,,,,,,,,,,,1,,3,0,,,,,,,,,,,,,0,3,T,R,,T,,,,,,,,,,,0,"Sheepy 7 Sigs + Strikes + Boxes - Rare Cang Mine 2, Rare Iyat Dist Beta 2",,0.25,0.00,0.00,0.25,
20240119,Yaot,Topaque [BR],6,217,Y,,,,,,,,,,,,,,,,,,,,,,,,,,,,,,,,,,,,,,,,,,,,,,,,,,,,,,,,,,,,,,,,,,,,,,,,,,,,1,-,-,4,B6,B8,C6,C8,,,,,,,,,,,,,,,,,,"6,8",1,H,E,G,,,,,,,,,,2,6,T'''',T'',,T'''',T,R'',G,,J,,,,,,12,Eclipse,,0.50,1.00,0.25,1.75,
20240119,Yaot,Tunda Miraan [TC],1,210,Y,,,,,,,,,,,,,,,,,,,,,,,,,,,,,,,,,,,,,,,,,,,,,,,,,,,,,,,,,,,,,,,,,,,,,,,,,,,,1,-,-,4,C1,A3,A3,A3,,,,,,,,,,,,,,,,,2,1,3,H,E,E,G,E,F,F,F,G,,,,3,0,J,J'',J'',,,,,,,,,,,,4,Eclipse,,0.50,0.50,0.75,1.75,
2024,Yaot,Turmequi [TL],8,218,Y,,,,,,,,,,,,,,,,,,,,,,,,,,,,,,,,,,,,,,,,,,,,,,,,,,,,,,,,,,,,,,,,,,,,,,,,,,,,-,1,1,0,,,,,,,,,,,,,,,,,,,,,,,0,,,,,,,,,,,,,1,6,T,G,T',T',,T',R,,,,,,,,3,Eclipse,,0.00,0.38,0.00,0.38,
20240119,Yaot,Ubacontl [BR],6,220,Y,,,,,,,,,,,,,,,,,,,,,,,,,,,,,,,,,,,,,,,,,,,,,,,,,,,,,,,,,,,,,,,,,,,,,,,,,,,,3,-,-,1,B5,,,,,,,,,,,,,,,,,,,,4,,1,G,G,F,,,,,,,,,,1,2,,J,R',T,,,,,,,,,,,1,Eclipse,,0.13,0.13,0.25,0.50,
2024,Yaot,Yaotl [C],7,210,Y,,,,,,,,,,,,,,,,,,,,,,,,,,,,,,,,,,,,,,,,,,,,,,,,,,,,,,,,,,,,,,,,,,,,,,,,,,,,1,-,-,0,,,,,,,,,,,,,,,,,,,,,,,0,,,,,,,,,,,,,0,4,T',T',R'''',,R,,,,,,,,,,6,Eclipse,,0.00,0.75,0.00,0.75,
20240119,Yaot,Ytep [TR],4,210,,,,,,,,,,,,,,,,,,,,,,,,,,,,,,,,,,,,,,,,,,,,,,,,,,,,,,,,,,,,,,,,,,,,,,,,,,,,,1,-,1,4,B2,C4,B5,B3,,,,,,,,,,,,,,,,,,,2,E,E,E,F,G,F,,,,,,,2,5,,R,,R,R',J,R',R,J,,,,,,2,Eclipse,,0.50,0.25,0.50,1.25,
20231222,Yaot,Ziipaga [CL],8,211,Y,,,,,,,,,,,,,,,,,,,,,,,,,,,,,,,,,,,,,,,,,,,,,,,,,,,,,,,,,,,,,,,,,,,,,,,,,,,,1,1,-,3,A7,A9,A6,,,,,,,,,,,,,,,,,7,,8,0,,,,,,,,,,,,,0,3,R',R,,R'',,,,,,,,,,,3,"Sheepy 7 Sigs + Boxes - Epic Cang Sig 7, Epic Prog Sig 7",,0.38,0.38,0.00,0.75,
20240119,Yaot,Zipate [TC],5,218,,,,,,,,,,,,,,,,,,,,,,,,,,,,,,,,,,,,,,,,,,,,,,,,,,,,,,,,,,,,,,,,,,,,,,,,,,,,,1,-,-,1,A4,,,,,,,,,,,,,,,,,,,7,,8,2,E,E,G,G,G,E,,,,,,,2,6,T,T,R',T,J''',T'',J,,T,,,,,,6,Eclipse,,0.13,0.75,0.50,1.38,
.,T 4,,,,,,,,,,,,,,,,,,,,,,,,,,,,,,,,,,,,,,,,,,,,,,,,,,,,,,,,,,,,,,,,,,,,,,,,,,,,,,,,,,,,,,,,,,,,,,,,,,,,,,,,,,,,,,,,,,,,,,,,,,,,,,,,,,,,,,,,,,,,,,
2024,Amassari,Anad [TR],6,316,,,,,,,,,,,,,,,,,,,,,,,,,,,,,,,,,,,,,,,,,,,,,,,,,,,,,,,,,,,,,,,,,,,,,,,,,,,,,2,-,-,0,,,,,,,,,,,,,,,,,,,,,,,3,H,F,G,G,H,F,G,F,F,,,,4,4,J',,G'',J,J,R''',T,T',,,,,,,7,?,,0.00,0.88,0.75,1.63,
2024,Amassari,Antaltan [BR],7,313,Y,,,,,,,,,,,,,,,,,,,,,,,,,,,,,,,,,,,,,,,,,,,,,,,,,,,,,,,,,,,,,,,,,,,,,,,,,-,-,,-,-,-,4,B5,B5,B7,B9,,,,,,,,,,,,,,,,,,,4,G,E,E,E,F,E,G,H,F,E,G,H,5,4,T'''',J,J,J,J,G,,T,R',,,,,,5,"24 sigs: 3 epic signals (progenitor sig 6 Eta, prog sig gamma 8, amassari distress 6), 1 trader, 0 boxes",,0.50,0.63,1.00,2.13,Gas/Crystals/RE
2024,Amassari,Canaxtela [C],2,310,,,,,,,,,,,,,,,,,,,,,,,,,,,,,,,,,,,,,,,,,,,,,,,,,,,,,,,,,,,,,,,,,,,,,,,,,,,,,-,1,-,0,,,,,,,,,,,,,,,,,,,,,,,4,E,E,G,F,E,F,E,F,H,G,G,E,4,2,J,J,J'',,T,R,J,,,,,,,,2,?,,0.00,0.25,1.00,1.25,
20240118,Amassari,Cansaga [CR],8,310,,,,,,,,,,,,,,,,,,,,,,,,,,,,,,,,,,,,,,,,,,,,,,,,,,,,,,,,,,,,,,,,,,,,,,,,,,,,,-,1,1,7,C6,A8,A9,A6,B9,A6,B7,,,,,,,,,,,,,,7,,1,H,F,E,,,,,,,,,,1,3,R'',,,R,J,T',,,,,,,,,3,Eclipse,,0.88,0.38,0.25,1.50,
2024,Amassari,Dandita [CL],2,320,Y,,,,,,,,,,,,,,,,,,,,,,,,,,,,,,,,,,,,,,,,,,,,,,,,,,,,,,,,,,,,,,,,,,,,,,,,,,,,-,-,1,0,,,,,,,,,,,,,,,,,,,,,,,0,,,,,,,,,,,,,0,4,R,T'',R,R,,,,,,,,,,,2,"Uruk: 2 Epic: Kithless mining and Prog activities, 1 rare Higaran Distress call + 11 common sig",,0.00,0.25,0.00,0.25,
2024,Amassari,Dasdonak [TR],7,312,,,,,,,,,,,,,,,,,,,,,,,,,,,,,,,,,,,,,,,,,,,,,,,,,,,,,,,,,,,,,,,,,,,,,,,,,,,,,2,-,-,3,B6,C8,A7,,,,,,,,,,,,,,,,,,5,5,1,E,G,E,,,,,,,,,,1,1,R,J,,,,,,,,,,,,,0,Uruk: 6 common signals,,0.38,0.00,0.25,0.63,
2024,Amassari,Del [CL],2,310,,,,,,,,,,,,,,,,,,,,,,,,,,,,,,,,,,,,,,,,,,,,,,,,,,,,,,,,,,,,,,,,,,,,,,,,,,,,,1,-,-,0,,,,,,,,,,,,,,,,,,,,,,,1,G,F,F,,,,,,,,,,1,1,T,J,,,,,,,,,,,,,0,Eclipse,,0.00,0.00,0.25,0.25,
2024,Amassari,Hataldan [CR],6,310,Y,,,,,,,,,,,,,,,,,,,,,,,,,,,,,,,,,,,,,,,,,,,,,,,,,,,,,,,,,,,,,,,,,,,,,,,,,,,,1,1,-,0,,,,,,,,,,,,,,,,,,,,,,,1,F,E,E,,,,,,,,,,2,2,J,G,,R,,,,,,,,,,,0,Eclipse,,0.00,0.00,0.25,0.25,
2024,Amassari,Iliyin [CL],8,310,Y,,,,,,,,,,,,,,,,,,,,,,,,,,,,,,,,,,,,,,,,,,,,,,,,,,,,,,,,,,,,,,,,,,,,,,,,,,,,1,-,-,3,C6,B9,B7,,,,,,,,,,,,,,,,,,,,1,E,E,E,,,,,,,,,,1,4,J,R'',,T,T,T,,,,,,,,,2,Eclipse,,0.38,0.25,0.25,0.88,
2024,Amassari,Karisara [C],5,310,,,,,,,,,,,,,,,,,,,,,,,,,,,,,,,,,,,,,,,,,,,,,,,,,,,,,,,,,,,,,,,,,,,,,,,,,,,,,1,-,-,4,B6,C7,C4,C7,,,,,,,,,,,,,,,,4,6,,1,F,F,F,,,,,,,,,,2,4,R,J',T,G,,T',,,,,,,,,2,Eclipse,,0.50,0.25,0.25,1.00,
2024,Amassari,Kuubata [TC],6,318,,,,,,,,,,,,,,,,,,,,,,,,,,,,,,,,,,,,,,,,,,,,,,,,,,,,,,,,,,,,,,,,,,,,,,,,,,,,,-,1,-,5,B7,A4,B8,C4,B4,,,,,,,,,,,,,,,,,7,0,,,,,,,,,,,,,0,6,,R,T,,T,T',,R,R',,,,,,2,?,,0.63,0.25,0.00,0.88,
2024,Amassari,Makatia [TR],4,320,Y,,,,,,,,,,,,,,,,,,,,,,,,,,,,,,,,,,,,,,,,,,,,,,,,,,,,,,,,,,,,,,,,,,,,,,,,,,,,1,1,-,13,B4,B2,B4,C3,C4,B2,C4,B5,C5,A5,A4,C5,C3,,,,,,,,3,,3,G,G,E,E,H,E,E,H,E,,,,3,2,R,,,,,J,J,T',J,,,,,,1,"Rikkami  14 Sigs - 1 Epic Amas Distr, 1 Rare Raider, 1 Trader",,1.00,0.13,0.75,1.88,RE/Gas/Crystals
2024,Amassari,Manad [TC],5,317,,,,,,,,,,,,,,,,,,,,,,,,,,,,,,,,,,,,,,,,,,,,,,,,,,,,,,,,,,,,,,,,,,,,,,,,,,,,,-,-,-,0,,,,,,,,,,,,,,,,,,,,,,,1,H,E,H,,,,,,,,,,2,5,R,G,J,R,T,R,,,,,,,,,0,Eclipse,,0.00,0.00,0.25,0.25,
2024,Amassari,Vandita [CR],2,320,,,,,,,,,,,,,,,,,,,,,,,,,,,,,,,,,,,,,,,,,,,,,,,,,,,,,,,,,,,,,,,,,,,,,,,,,,,,,3,-,-,2,A3,A4,,,,,,,,,,,,,,,,,,,,,0,,,,,,,,,,,,,1,5,,T',T',G',T,R',,,,,,,,,4,Eclipse,,0.25,0.50,0.00,0.75,
2024,Amassari,Venee [CL],4,310,Y,,,,,,,,,,,,,,,,,,,,,,,,,,,,,,,,,,,,,,,,,,,,,,,,,,,,,,,,,,,,,,,,,,,,,,,,,,,,-,-,-,2,A3,A4,,,,,,,,,,,,,,,,,,6,,,2,G,E,H,F,F,G,,,,,,,2,6,R'',J,R,T',,T',J,,R,R,,,,,4,Eclipse,,0.25,0.50,0.50,1.25,
2024,Amassari,Ventala [BR],8,310,,,,,,,,,,,,,,,,,,,,,,,,,,,,,,,,,,,,,,,,,,,,,,,,,,,,,,,,,,,,,,,,,,,,,,,,,,,,,2,-,-,3,A7,C8,A6,,,,,,,,,,,,,,,,,7,,7,1,E,H,H,,,,,,,,,,2,5,J,,R',,T,R'',T'',G',,,,,,,6,Eclipse,,0.38,0.75,0.25,1.38,
2024,Amassari,Xibalba [BR],7,314,Y,,,,,,,,,,,,,,,,,,,,,,,,,,,,,,,,,,,,,,,,,,,,,,,,,,,,,,,,,,,,,,,,,,,,,,,,,,,,2,-,-,6,C9,B6,C9,A9,B6,C8,,,,,,,,,,,,,,6,,,0,,,,,,,,,,,,,2,3,,G,G,,,T,,,,,,,,,0,?,,0.75,0.00,0.00,0.75,
2024,Iyatequa,"Akapantaha [Dark Stars, R]",1,318,Y,,,,,,,,,,,,,,,,,,,,,,,,,,,,,,,,,,,,,,,,,,,,,,,,,,,,,,,,,,,,,,,,,,,,,,,,,,,,2,-,-,4,A3,A1,A1,B2,,,,,,,,,,,,,,,,,,,1,F,F,F,,,,,,,,,,2,5,T',R,R,G,T,J'',,,,,,,,,3,Eclipse,,0.50,0.38,0.25,1.13,
2024,Iyatequa,"Akata [Dark Stars, BR]",8,314,,,,,,,,,,,,,,,,,,,,,,,,,,,,,,,,,,,,,,,,,,,,,,,,,,,,,,,,,,,,,,,,,,,,,,,,,,,,,2,1,-,0,,,,,,,,,,,,,,,,,,,,,,,0,,,,,,,,,,,,,1,3,G''''',R,T,,,,,,,,,,,,5,Eclipse,,0.00,0.63,0.00,0.63,
2024,Iyatequa,"Kalito [BC] [Dark Stars, L]",4,314,Y,,,,,,,,,,,,,,,,,,,,,,,,,,,,,,,,,,,,,,,,,,,,,,,,,,,,,,,,,,,,,,,,,,,,,,,,,,,,1,-,1,0,,,,,,,,,,,,,,,,,,,,,,,0,,,,,,,,,,,,,0,3,,R,T'',T,,,,,,,,,,,2,Eclipse,,0.00,0.25,0.00,0.25,
2024,Iyatequa,"Kana [Dark Stars, TC]",1,316,Y,,,,,,,,,,,,,,,,,,,,,,,,,,,,,,,,,,,,,,,,,,,,,,,,,,,,,,,,,,,,,,,,,,,,,,,,,16,5,3,1,-,-,3,A1,B1,A3,,,,,,,,,,,,,,,,,,,,1,F,G,E,,,,,,,,,,4,7,T',T,R'',G'',T,G,G',J,,,,,,,6,"[hanx0r] 25 sigs: 3 epic(hig distr beta 2, prog act beta 2, prog sig epsilon 2), 5 rare(hig distr delta1, cang min op beta 2, cang min op gam 2, canp min op aplha3, cang min op delta 3), 2 traders, 1 uncommon bbox","[Eclipse] Also 25 sigs: 3 Epic( hig distress beta, prog activities beta, prog signal epsilon) 5 Rare( Cang Mine Alpha, Cang Mine Beta, Hiig Dist Call Delta, Cang Mine Gamma, Cang Mine Delta) 14 Common( Hiig Dist Gamma, Iyat Dist Alpha, Cang Sig Alpha, Prog Signal Alpha, Prog Act Gamma, Prog Sig Beta, Cang Sig Beta, Prog Sig Gamma, Prog Sig Delta, Prog Act Delta, Prog Act Epsilon, Iyat Dist Call Beta, Relic Sig Beta, Prog Act Zeta) 2 Trader 1 Box",0.38,0.75,0.25,1.38,
2024,Iyatequa,"Kassaya [Dark Stars, TL]",4,314,Y,,,,,,,,,,,,,,,,,,,,,,,,,,,,,,,,,,,,,,,,,,,,,,,,,,,,,,,,,,,,,,,,,,,,,,,,,,,,-,1,-,0,,,,,,,,,,,,,,,,,,,,,,,0,,,,,,,,,,,,,1,9,T,T,T,T,R'',G',R,R',T,,,,,,4,"Walland 23 Sigs 2 Traders, 2 Epic 1 Rare Distress, 1 Rare Mining",,0.00,0.50,0.00,0.50,
2024,Iyatequa,"Kerra [Dark Stars, BR]",8,313,,,,,,,,,,,,,,,,,,,,,,,,,,,,,,,,,,,,,,,,,,,,,,,,,,,,,,,,,,,,,,,,,,,,,,,,,,,,,1,1,-,3,A8,B9,B8,,,,,,,,,,,,,,,,,,,,0,,,,,,,,,,,,,3,8,R,R',T,T,G',G,G,R',,,,,,,3,?,,0.38,0.38,0.00,0.75,
20231221,Iyatequa,"Maha [Dark Stars, T]",1,312,Y,,,,,,,,,,,,,,,,,,,,,,,,,,,,,,,,,,,,,,,,,,,,,,,,,,,,,,,,,,,,,,,,,,,,,,,,,7,2,4,2,1,-,3,A2,B2,C3,,,,,,,,,,,,,,,,,,,,0,,,,,,,,,,,,,0,4,T,,T',,T,R',,,,,,,,,2,"Sheepy 14 Sigs + Box - Epic Prog Sig Alpha 2, Epic Iyat Dist 3, Rare Cang Mine 3",,0.38,0.25,0.00,0.63,
20231223,Iyatequa,"Mahalasaya [Dark Stars, B]",5,316,,,,,,,,,,,,,,,,,,,,,,,,,,,,,,,,,,,,,,,,,,,,,,,,,,,,,,,,,,,,,,,,,,,,,,,,,,,,,3,1,-,3,C6,A5,C6,,,,,,,,,,,,,,,,,,,,0,,,,,,,,,,,,,0,0,,,,,,,,,,,,,,,0,"Sheepy 7 Sigs + Boxes - Epic Cang Sig 4, Rare Hiig Dist Alpha 4, Rare Hiig Dist Beta 5, Cang Mine 6",,0.38,0.00,0.00,0.38,
2024,Iyatequa,"Monota [Dark Stars, C]",4,318,Y,,,,,,,,,,,,,,,,,,,,,,,,,,,,,,,,,,,,,,,,,,,,,,,,,,,,,,,,,,,,,,,,,,,,,,,,,,,,-,1,-,2,C5,B2,,,,,,,,,,,,,,,,,,,,,0,,,,,,,,,,,,,0,3,R'',,,T',R,,,,,,,,,,3,?,,0.25,0.38,0.00,0.63,
20231220,Iyatequa,"Puma Putun [Dark Stars, T]",6,315,,,,,,,,,,,,,,,,,,,,,,,,,,,,,,,,,,,,,,,,,,,,,,,,,,,,,,,,,,,,,,,,,,,,,,,,,,,,,1,-,-,12,A7,C7,A7,B7,B7,C4,C5,B6,A8,B6,A6,C6,,,,,,,,,,,1,E,H,E,,,,,,,,,,4,7,R',G,G',,T',,T,,J,,G',R,,,4,"Sheepy 22 Sigs + Box - Epic Iyat Dist Beta 5, Epic Hiig Dist Delta 6, Epic Prog Act Zeta 8, Epic Cang Sig Gamma 5, Epic Cang Sig Alpha 8, Rare Cang Mine 5, Rare Hiig Dist Gamma 5, Rare Iyat Dist Alpha 8",,1.00,0.50,0.25,1.75,
20231221,Tanoch,"Chiauhti [Far Reaches, L]",8,315,,,,,,,,,,,,,,,,,,,,,,,,,,,,,,,,,,,,,,,,,,,,,,,,,,,,,,,,,,,,,,,,,,,,,,,,,,,,,2,-,-,0,,,,,,,,,,,,,,,,,,,,,,,0,,,,,,,,,,,,,1,3,R,R,G'',,,,,,,,,,,,2,"Sheepy 7 Sigs + Box - Epic Iyat Dist 7, Cang Sig 9, no rare",,0.00,0.25,0.00,0.25,
20231221,Tanoch,"Cuahuaca [Far Reaches, R]",8,312,,,,,,,,,,,,,,,,,,,,,,,,,,,,,,,,,,,,,,,,,,,,,,,,,,,,,,,,,,,,,,,,,,,,,,,,,,,,,2,1,-,0,,,,,,,,,,,,,,,,,,,,,,,1,H,G,F,,,,,,,,,,1,2,R,R,J,,,,,,,,,,,,0,Walland - 10 Sigs - Rare Iyatequa Distress Beta 6,,0.00,0.00,0.25,0.25,
20231221,Tanoch,"Huatla [Far Reaches, C]",2,314,Y,,,,,,,,,,,,,,,,,,,,,,,,,,,,,,,,,,,,,,,,,,,,,,,,,,,,,,,,,,,,,,,,,,,,,,,,,,,,1,-,1,4,B1,B1,C4,C3,,,,,,,,,,,,,,,,,,,0,,,,,,,,,,,,,0,2,T,T,,,,,,,,,,,,,0,"Uruk - 7 Sigs + Box - Epic Tano Gamma 1, no rare",,0.50,0.00,0.00,0.50,
20231221,Tanoch,"Miahuaca [Inner Empire, TR]",1,318,Y,,,,,,,,,,,,,,,,,,,,,,,,,,,,,,,,,,,,,,,,,,,,,,,,,,,,,,,,,,,,,,,,,,,,,,,,,,,,1,-,-,0,,,,,,,,,,,,,,,,,,,,,,,0,,,,,,,,,,,,,1,5,R'',G,T,T,R,,,,,,,,,,2,"Walland - 13 Sigs - Epic Prog Activities, Rare Cang Mine Beta 1, Rare Cang Mine",,0.00,0.25,0.00,0.25,
20231221,Tanoch,"Socopan [Far Reaches, TL]",5,315,,,,,,,,,,,,,,,,,,,,,,,,,,,,,,,,,,,,,,,,,,,,,,,,,,,,,,,,,,,,,,,,,,,,,,,,,,,,,2,-,-,4,C4,B7,B7,C5,,,,,,,,,,,,,,,,,,,0,,,,,,,,,,,,,0,8,,R,T',T,,T',T',T''',T,T,,,,,6,"Uruk - 20 to 27 Sigs - Epic Tanoch Dist, Epic Prog Activity Delta 4, Epic Prog Activity Zeta 3, Epic Yaot Delta 6, Rare Tano Distress Beta 6, Rare Cang Mine Beta 3",,0.50,0.75,0.00,1.25,
20231221,Tanoch,"Teozaco [Far Reaches, TL]",6,319,,,,,,,,,,,,,,,,,,,,,,,,,,,,,,,,,,,,,,,,,,,,,,,,,,,,,,,,,,,,,,,,,,,,,,,,,,,,,1,-,-,3,B7,C5,B8,,,,,,,,,,,,,,,,,,,,0,,,,,,,,,,,,,1,5,R,,T',,,,R'''',R,G,,,,,,5,"Uruk - 12 to 15 sigs - Epics Tanoch Disrtess Beta 4, Epic Prog 6, Epic Yaot 8, Rare Hiig Distress Alpha 4, Rare Tano Distress Gamma 5, Rare Cang Mine 7",,0.38,0.63,0.00,1.00,
20231221,Tanoch,"Teozapot [Inner Empire, TR]",8,310,Y,,,,,,,,,,,,,,,,,,,,,,,,,,,,,,,,,,,,,,,,,,,,,,,,,,,,,,,,,,,,,,,,,,,,,,,,,,,,2,-,1,0,,,,,,,,,,,,,,,,,,,,,,,0,,,,,,,,,,,,,1,5,R',T,G,T'',,R,,,,,,,,,3,"Walland - 14 Sigs - Epic Hiig Distress 7, Epic Tanoch Distress Beta 8, Rare Cang Mining 7",,0.00,0.38,0.00,0.38,
20231221,Tanoch,"Teozauhn [Inner Empire, R]",8,311,,,,,,,,,,,,,,,,,,,,,,,,,,,,,,,,,,,,,,,,,,,,,,,,,,,,,,,,,,,,,,,,,,,,,,,,,,,,,1,-,-,5,C6,C7,B7,C7,C8,,,,,,,,,,,,,,,,,,3,G,F,G,E,F,G,H,G,F,,,,4,4,G,J,T,J,,J,T,T,,,,,,,0,"Walland - 18 Sigs - Epic Hiig Distress Beta 6, Epic Iyat Distress Alpha 9, Rare Cang Mining 8, Rare Cang Mining 9, Rare Iyat Distress Beta 9",,0.63,0.00,0.75,1.38,
20231221,Tanoch,"Teozauht [Far Reaches, TR]",3,315,,,,,,,,,,,,,,,,,,,,,,,,,,,,,,,,,,,,,,,,,,,,,,,,,,,,,,,,,,,,,,,,,,,,,,,,,,13,1,3,2,-,-,6,C2,B1,C5,B4,B1,B4,,,,,,,,,,,,,,,,,1,H,E,G,,,,,,,,,,1,6,T''',R',T''',,,,J,T,R,R,,,,,7,"Sheepy 15 to 17 Sigs + Box - Epic Tano Dist Beta 1, Epic Iyat Dist Alpha 3, Epic Yaot 4, Rare Cang Mine 3",,0.75,0.88,0.25,1.88,
20231221,Tanoch,"Ayotlauh [Far Reaches, TR]",3,319,,,,,,,,,,,,,,,,,,,,,,,,,,,,,,,,,,,,,,,,,,,,,,,,,,,,,,,,,,,,,,,,,,,,,,,,,,,,,1,-,-,4,C5,C5,B2,C4,,,,,,,,,,,,,,,,,,,0,,,,,,,,,,,,,1,5,,T,G,R,,,R',R,,,,,,,1,"Sheepy 14 Sigs + Box - Epic Tano Alpha 2, Epic Hiig Dist Alpha 5, no rare",,0.50,0.13,0.00,0.63,
2024,Yaot,"Chara [Yaotl-Surha, BR]",3,314,Y,,,,,,,,,,,,,,,,,,,,,,,,,,,,,,,,,,,,,,,,,,,,,,,,,,,,,,,,,,,,,,,,,,,,,,,,,,,,2,-,-,5,A3,C4,A5,C5,C5,,,,,,,,,,,,,,,,,,1,E,G,E,,,,,,,,,,4,5,R,G'',G,J,,,G,T',,,,,,,3,"Rikkami  17 Sigs - 1 Epic Iyat Distr, 1 Rare Hig Distr, 1 Rare Iyat Distr, 1 Rare Mining",,0.63,0.38,0.25,1.25,
2024,Yaot,"Charaipaqu [Yaotl-Surha, T]",7,312,Y,,,,,,,,,,,,,,,,,,,,,,,,,,,,,,,,,,,,,,,,,,,,,,,,,,,,,,,,,,,,,,,,,,,,,,,,,,,,-,-,-,0,,,,,,,,,,,,,,,,,,,,,,,1,H,E,H,,,,,,,,,,1,2,R''',,J',T,,,,,,,,,,,4,Rikkami  7 Sigs - 1 Epic Yaot Distr,,0.00,0.50,0.25,0.75,
2024,Yaot,"Furlaan [Yaotl-Surha, C]",2,317,Y,,,,,,,,,,,,,,,,,,,,,,,,,,,,,,,,,,,,,,,,,,,,,,,,,,,,,,,,,,,,,,,,,,,,,,,,,21,1,3,-,-,-,3,A3,A3,B4,,,,,,,,,,,,,,,,,,,,1,E,G,E,,,,,,,,,,1,7,R,T,R,,T'',R,T,T'',J',,,,,,5,"Rikkami  24 Sigs - 1 Epic Iyat Distr, 1 Rare Iyat Distr, 1 Rare Mining, 1 Trader",,0.38,0.63,0.25,1.25,
2024,Yaot,"Jona Amaan [Yaotl-Surha, T]",1,317,,,,,,,,,,,,,,,,,,,,,,,,,,,,,,,,,,,,,,,,,,,,,,,,,,,,,,,,,,,,,,,,,,,,,,,,,,,,,3,-,-,0,,,,,,,,,,,,,,,,,,,,,,,0,,,,,,,,,,,,,0,2,R,R,,,,,,,,,,,,,0,"Rikkami  10 Sigs - 1 Epic Prog Act, 1 Rare Mining",,0.00,0.00,0.00,0.00,
2024,Yaot,"Onza [Yaotl-Surha, C]",1,314,,1,,,,,,3,,,,,,3,,,,,,,,,,,,,,,,,,,,,,,,1,,,,,,1,,2,,,,1,,1,,,,,,,,,,1,,,,,,,,,,,,13,1,0,2,1,-,1,C3,,,,,,,,,,,,,,,,,,,,,,0,,,,,,,,,,,,,0,5,R''',R',R,,T',T',,,,,,,,,6,"Rikkami 13 Sigs - 1 Epic Yaot, 1 Epic Prog Act",,0.13,0.75,0.00,0.88,
2024,Yaot,"Paia [Yaotl-Surha, T]",6,315,,,,,,,,,,,,,,,,,,,,,,,,,,,,,,,,,,,,,,,,,,,,,,,,,,,,,,,,,,,,,,,,,,,,,,,,,,,,,1,1,-,2,B7,C8,,,,,,,,,,,,,,,,,,,,,0,,,,,,,,,,,,,0,3,T'',,,R,R'''',,,,,,,,,,6,Rikkami  7 Sigs - 1 Epic Prog Act,,0.25,0.75,0.00,1.00,
2024,Yaot,"Paipata [Yaotl-Surha, R]",7,315,Y,,,,,,,,,,,,,,,,,,,,,,,,,,,,,,,,,,,,,,,,,,,,,,,,,,,,,,,,,,,,,,,,,,,,,,,,,,,,-,-,-,0,,,,,,,,,,,,,,,,,,,,,,,1,G,G,E,,,,,,,,,,1,2,J,,R,R,,,,,,,,,,,0,Rikkami  7 Sigs - 1 Epic Prog Act,,0.00,0.00,0.25,0.25,
20231222,Yaot,"Toba [TL][The Finger, B]",5,311,,,,,,,,,,,,,,,,,,,,,,,,,,,,,,,,,,,,,,,,,,,,,,,,,,,,,,,,,,,,,,,,,,,,,,,,,,,,,-,-,-,3,B6,C5,C7,,,,,,,,,,,,,,,,,,,,0,,,,,,,,,,,,,0,3,T,T,T,,,,,,,,,,,,0,Rikkami  6 to 7 Sigs - 1 Epic Hiig Dist 7,,0.38,0.00,0.00,0.38,
2024,Yaot,"Usmequesca [Yaotl-Surha, R]",4,320,,,,,,,,,,,,,,,,,,,,,,,,,,,,,,,,,,,,,,,,,,,,,,,,,,,,,,,,,,,,,,,,,,,,,,,,,,,,,1,-,-,1,B3,,,,,,,,,,,,,,,,,,,,,,3,E,G,G,H,F,E,G,F,F,,,,3,2,R''',R,J,J,J,,,,,,,,,,3,"Rikkami  14 Sigs - 2 Epic Prog Act, 1 Rare Hig Distr, 1 Trader",,0.13,0.38,0.75,1.25,
2024,Yaot,"Usmequira [Yaotl-Surha, BR]",8,314,,,,,,,,,,,,,,,,,,,,,,,,,,,,,,,,,,,,,,,,,,,,,,,,,,,,,,,,,,,,,,,,,,,,,,,,,,,,,-,-,-,3,C8,C9,C7,,,,,,,,,,,,,,,,,,,,2,G,E,E,G,E,E,,,,,,,2,1,T,J',J,,,,,,,,,,,,1,Rikkami  7 Sigs - 1 Rare Hig Distr,,0.38,0.13,0.50,1.00,
,,,,,,,,,,,,,,,,,,,,,,,,,,,,,,,,,,,,,,,,,,,,,,,,,,,,,,,,,,,,,,,,,,,,,,,,,,,,,,,,,,,,,,,,,,,,,,,,,,,,,,,,,,,,,,,,,,,,,,,,,,,,,,,,,,,,,,,,,,,0.00,0.00,0.00,0.00,
,,,,,,,,,,,,,,,,,,,,,,,,,,,,,,,,,,,,,,,,,,,,,,,,,,,,,,,,,,,,,,,,,,,,,,,,,,,,,,,,,,,,,,,,,,,,,,,,,,,,,,,,,,,,,,,,,,,,,,,,,,,,,,,,,,,,,,,,,,,,,,,
Index #,1,2,3,4,5,6,7,8,9,10,11,12,13,14,15,16,17,18,19,20,21,22,23,24,25,26,27,28,29,30,31,32,33,34,35,36,37,38,39,40,41,42,43,44,45,46,47,48,49,50,51,52,53,54,55,56,57,58,59,60,61,62,63,64,65,66,67,68,69,70,71,72,73,74,75,76,77,78,79,80,81,82,83,84,85,86,87,88,89,90,91,92,93,94,95,96,97,98,99,100,101,102,103,104,105,106,107,108,109,110,111,112,113,114,115,116,117,118,119,120,121,122,123,124,125,126,127,128,129,130,131,132,133,134,135,136,137,138,139,140,141,142,
Notation Legend,,,,,,,,,,,,,,,,,,,,,,,,,,,,,,,,,,,,,,,,,,,,,,,,,,,,,,,,,,,,,,,,,,,,,,,,,,,,,,,,,,,,,,,,,,,,,,,,,,,,,,,,,,,,,,,,,,,,,,,,,,,,,,,,,,,,,,,,,,,,,,,
,,,,,,,,,,,,,,,,,,,,,,,,,,,,,,,,,,,,,,,,,,,,,,,,,,,,,,,,,,,,,,,,,,,,,,,,,,,,,,,,,,,,,,,,,,,,,,,,,,,,,,,,,,,,,,,,,,,,,,,,,,,,,,,,,,,,,,,,,,,,,,,
YYYYMMDD,Complete to final wave on YYYYMMDD,,,,,,,Legacy Asteroid Notes,,,,,,,,,,,,,,,,,,,,,,,,,,,,,,,,,,,,,,,,,,,,,,,,,,,,,,,,,,,,,,,,,,,,,,,,,,,,,,,,,,,,,,,,,,,,,,,,,,,,,,,,,,,,,,,,,,,,,,,,,,,,,,,,,,,,,,,
Wave X,Complete only to wave X (with resources),,,,,,,Wave times are tested by staying at centre of map.,,,,,,,,,,,,,,,,,,,,,,,,,,,,,,,,,,,,,,,,,,,,,,,,,,,,,,,,,,,,,,,,,,,,,,,,,,,,,,,,,,,,,,,,,,,,,,,,,,,,,,,,,,,,,,,,,,,,,,,,,,,,,,,,,,,,,,,
,Not yet done,,,,,,,"If you actively hunt them down sooner, next wave will come earlier, and vice versa.",,,,,,,,,,,,,,,,,,,,,,,,,,,,,,,,,,,,,,,,,,,,,,,,,,,,,,,,,,,,,,,,,,,,,,,,,,,,TODOS:,,,,,,,,,,,,,,,,,,,,,,,,,,,,,,,,,,,,,,,,,,,,,,,,,,,,,,,,,,,
[name],Used to reserve system for an indexer,,,,,,,"Far distance = over 200km from centre, about 70% from centre to edge",,,,,,,,,,,,,,,,,,,,,,,,,,,,,,,,,,,,,,,,,,,,,,,,,,,,,,,,,,,,,,,,,,,,,,,,,,,,Check out Jovians for gas,,,,,,,,,,,,,,,,,,,,,,,,,,,,,,,,,,,,,,,,,,,,,,,,,,,,,,,,,,,
Rare,Denotes at least one signal is of rare type,,,,,,,"Mid distance = about 150 km from centre, about 50% from centre to edge",,,,,,,,,,,,,,,,,,,,,,,,,,,,,,,,,,,,,,,,,,,,,,,,,,,,,,,,,,,,,,,,,,,,,,,,,,,,,,,,,,,,,,,,,,,,,,,,,,,,,,,,,,,,,,,,,,,,,,,,,,,,,,,,,,,,,,,
Epic,Denotes at least one signal is of epic type,,,,,,,Close distance = just outside of 90 km target range,,,,,,,,,,,,,,,,,,,,,,,,,,,,,,,,,,,,,,,,,,,,,,,,,,,,,,,,,,,,,,,,,,,,,,,,,,,,,,,,,,,,,,,,,,,,,,,,,,,,,,,,,,,,,,,,,,,,,,,,,,,,,,,,,,,,,,,
[number],Computed field - DO NOT EDIT!,,,,,,,Center distance = most spawns within 90km target range,,,,,,,,,,,,,,,,,,,,,,,,,,,,,,,,,,,,,,,,,,,,,,,,,,,,,,,,,,,,,,,,,,,,,,,,,,,,,,,,,,,,,,,,,,,,,,,,,,,,,,,,,,,,,,,,,,,,,,,,,,,,,,,,,,,,,,,
System [X],Location of system:,,,,,,,Time is measured frrom last wave appearance.  First contact measured from cutscene ends.,,,,,,,,,,,,,,,,,,,,,,,,,,,,,,,,,,,,,,,,,,,,,,,,,,,,,,,,,,,,,,,,,,,,,,,,,,,,,,,,,,,,,,,,,,,,,,,,,,,,,,,,,,,,,,,,,,,,,,,,,,,,,,,,,,,,,,,
,    B - Bottom,,,,,,,,,,,,,,,,,,,,,,,,,,,,,,,,,,,,,,,,,,,,,,,,,,,,,,,,,,,,,,,,,,,,,,,,,,,,,,,,,,,,,,,,,,,,,,,,,,,,,,,,,,,,,,,,,,,,,,,,,,,,,,,,,,,,,,,,,,,,,,
,    T - Top,,,,,,,,,,,,,,,,,,,,,,,,,,,,,,,,,,,,,,,,,,,,,,,,,,,,,,,,,,,,,,,,,,,,,,,,,,,,,,,,,,,,,,,,,,,,,,,,,,,,,,,,,,,,,,,,,,,,,,,,,,,,,,,,,,,,,,,,,,,,,,
,    L - Left,,,,,,,,,,,,,,,,,,,,,,,,,,,,,,,,,,,,,,,,,,,,,,,,,,,,,,,,,,,,,,,,,,,,,,,,,,,,,,,,,,,,,,,,,,,,,,,,,,,,,,,,,,,,,,,,,,,,,,,,,,,,,,,,,,,,,,,,,,,,,,
,    R - Right,,,,,,,,,,,,,,,,,,,,,,,,,,,,,,,,,,,,,,,,,,,,,,,,,,,,,,,,,,,,,,,,,,,,,,,,,,,,,,,,,,,,,,,,,,,,,,,,,,,,,,,,,,,,,,,,,,,,,,,,,,,,,,,,,,,,,,,,,,,,,,
,    C - Center,,,,,,,,,,,,,,,,,,,,,,,,,,,,,,,,,,,,,,,,,,,,,,,,,,,,,,,,,,,,,,,,,,,,,,,,,,,,,,,,,,,,,,,,,,,,,,,,,,,,,,,,,,,,,,,,,,,,,,,,,,,,,,,,,,,,,,,,,,,,,,
,    I - Separated Island,,,,,,,,,,,,,,,,,,,,,,,,,,,,,,,,,,,,,,,,,,,,,,,,,,,,,,,,,,,,,,,,,,,,,,,,,,,,,,,,,,,,,,,,,,,,,,,,,,,,,,,,,,,,,,,,,,,,,,,,,,,,,,,,,,,,,,,,,,,,,,
,    BR - Bottom Right,,,,,,Signal Details Encoding,,,,,,,,,,,,,,,,,,,,,,,,,,,,,,,,,,,,,,,,,,,,,,,,,,,,,,,,,,,,,,,,,,,,,,,,,,,,,,,,,,,,,,,,,,,,,,,,,,,,,,,,,,,,,,,,,,,,,,,,,,,,,,,,,,,,,,,,
,   CR - Center Right,,,,,,,,,,,,,,,,,,,,,,,,,,,,,,,,,,,,,,,,,,,,,,,,,,,,,,,,,,,,,,,,,,,,,,,,,,,,,,,,,,,,,,,,,,,,,,,,,,,,,,,,,,,,,,,,,,,,,,,,,,,,,,,,,,,,,,,,,,,,,,
,    etc...,,,,,,1,"3      (Cang:1MF,4I;1MF,2S)",1,4,,,2,"2,3",1,3,,,,Adjacent cell with human readable level list and optional clipped computer readable shorthand.,,,,,,,,,,,,,,,,,,,,,,,,,,,,,,,,,,,,,,,,,,,,,,,,,,,,,,,,,,,,,,,,,,,,,,,,,,,,,,,,,,,,,,,,,,,,,,,,,,,,,,,,,,,,,,,,,,,,,,,,,,,
,,,,,,,,,,,,,,,,,,,,Accounts for rares with an R suffix and epics with an E suffix.,,,,,,,,,,,,,,,,,,,,,,,,,,,,,,,,,,,,,,,,,,,,,,,,,,,,,,,,,,,,,,,,,,,,,,,,,,,,,,,,,,,,,,,,,,,,,,,,,,,,,,,,,,,,,,,,,,,,,,,,,,,
,,,,,,,1,6,,,,,,,1,5,,,,,,,,,,,,,,,,,,,,,,,,,,,,,,,,,,,,,,,,,,,,,,,,,,,,,,,,,,,,,,,,,,,,,,,,,,,,,,,,,,,,,,,,,,,,,,,,,,,,,,,,,,,,,,,,,,,,,,,,,,,,,,,
,,,,,,,2,"3,3",,,,,2,"3,1E      (2T,2M;1T,5M) (5T;5T)",,,,,,,,,,,,,,,,,,,,,,,,,,,,,,,,,,,,,,,,,,,,,,,,,,,,,,,,,,,,,,,,,,,,,,,,,,,,,,,,,,,,,,,,,,,,,,,,,,,,,,,,,,,,,,,,,,,,,,,,,,,,,,,,,
,,,,,,,,,,,1,6,,,1,"6      (2T,4D;6M,2D)",1,4,,,,,,,,,,,,,,,,,,,,,,,,,,,,,,,,,,,,,,,,,,,,,,,,,,,,,,,,,,,,,,,,,,,,,,,,,,,,,,,,,,,,,,,,,,,,,,,,,,,,,,,,,,,,,,,,,,,,,,,,,,,,,
,,,,,,,1,6,2,"7,7",1,7,,,,,,,,,,,,,,,,,,,,,,,,,,,,,,,,,,,,,,,,,,,,,,,,,,,,,,,,,,,,,,,,,,,,,,,,,,,,,,,,,,,,,,,,,,,,,,,,,,,,,,,,,,,,,,,,,,,,,,,,,,,,,,,,,,,